user,text,tag
에머슨,인생은 하나의 실험이다. 실험이 많아질수록 당신은 더 좋은 사람이 된다.,"['인생', '경험']"
파스칼,"인생은 우주의 영광이요, 또한 우주의 모욕이다.",['인생']
W. NL. 영안,"인생은 반복된 생활이다. 좋은 일을 반복하면 좋은 인생을, 나쁜 일을 반복하면 불행한 인생을 보내는 것이다.","['인생', '생활', '반복', '습관']"
파스칼,인생의 최고 불행은 인간이면서 인간을 모르는 것이다.,"['인생', '불행', '인간']"
헉슬리,인생의 위대한 목표는 지식이 아니라 행동이다.,"['인생', '지식', '행동']"
루소,삶은 호흡하는 것이 아니라 행위를 하는 것이다.,"['삶', '인생', '행동']"
모리악,우리의 인생은 우리가 노력한 만큼 가치가 있다.,"['인생', '노력']"
장 파울,"인생은 한 권의 책과 같다. 어리석은 이는 그것을 마구 넘겨 버리지만, 현명한 인간은 열심히 읽는다. 단 한 번밖에 인생을 읽지 못한다는 것을 알고 있기 때문이다.","['인생', '책(book)']"
칸트,인생은 선을 실행하기 위하여 만들어졌다.,"['인생', '선(good)']"
한용운,종이라고 하는 것은 치면 소리가 난다. 쳐도 소리가 나지 않는 것은 세상에서 버린 종이다. 또 거울이란 비추면 그림자가 나타난다. 비추어도 그림자가 나타나지 않는 것은 세상에서 내다버린 거울이다. 보통 사람이란 사랑하면 따라온다. 사랑해도 따라오지 않는 사람은 또한 세상에서 버린 사람이다.,"['인생', '사람', '사랑']"
바이런,"오, 사랑이여! 그대는 바로 악의 신이로다. 하긴 우리들은 그대를 악마라고는 부르지 못 하니까.","['사랑', '신(god)']"
P. 부르제,애정의 수단으로 행복해지는 유일한 길이 있다. 즉 아무도 사랑하지 않는 것이다.,"['행복', '사랑']"
J. 레이,사랑은 왕궁에서뿐 아니라 오두막집에서도 산다.,['사랑']
L. 모리스,"사랑하며 가난한 것이, 애정 없는 부유함보다 훨씬 낫다.","['사랑', '가난', '부유']"
B. 러셀,"사랑이란 뿌리는, 땅 속 깊숙이 박았지만 가지는 하늘로 치뻗은 나무이어야 한다.",['사랑']
셰익스피어,사랑은 너무 어려 양심이 무엇인지 모른다. 그러나 양심이 사랑에서 태어나는 것을 누가 모르는가?,"['사랑', '양심']"
오비디우스,"사랑은 일에 굴복한다. 만일 사랑으로부터 빠져 나오기를 원한다면, 바쁘게 되라. 그러면 안전할 것이다.","['사랑', '일(work)']"
나폴레옹,사랑에 대한 유일한 승리는 탈출이다.,['사랑']
논어,벗이 먼곳으로부터 찾아오니 이 얼마나 즐거운가.,"['친구', '벗']"
채근담,벗을 사귐에는 과하여 넘치지 말지니 넘치면 아첨하는 자가 생기리라.,"['친구', '벗']"
터키 속담,그 사람됨을 알고자 하면 그의 친구가 누구인가를 알아보라.,"['사람평가', '친구']"
슈베르트,벗이 애꾸눈이라면 나는 벗을 옆얼굴로 바라본다.,"['친구', '벗']"
라 로쉐호크,우정을 위한 최대의 노력은 벗에게 그의 결점을 스스로 깨닫게 하는 일이다.,"['우정', '친구']"
탈무드,설사 친구가 꿀처럼 달더라도 그것을 전부 빨아 먹지 말라.,"['친구', '우정']"
명심보감,"물이 너무 맑으면 물고기가 없고, 사람이 너무 살피면 친구가 없다.","['사람', '인생살이', '친구']"
명심보감,"열매 맺지 않는 과일 나무는 심을 필요가 없고, 의리 없는 벗은 사귈 필요가 없다.","['친구', '벗', '의리']"
공자,"이로운 친구는 직언을 꺼리지 않고 언행에 거짓이 없으며, 지식을 앞세우지 않는 벗이니라. 해로운 친구는 허식이 많고 속이 비었으며 외모치레만 하고 마음이 컴컴하며, 말이 많은 자이니라.",['친구']
속담,형제는 하늘이 내려주신 벗이다.,['형제']
스웨덴 속담,"기쁨을 나누면 두배가 되고, 슬픔을 나누면 절반이 된다.","['슬픔', '기쁨']"
채근담,"아들이 태어날 때 어머니가 위태롭고, 전대에 돈이 쌓이면 도둑이 엿보나니 어느 기쁨이 근심 아니랴. 가난은 가히 써 절약할 것이요, 병은 가히 써 몸을 보전할 것이니 어느 근심이 기쁨 아니랴. 그러므로 달인은 마땅히 순과 역을 같이 보며 기쁨과 슬픔을 둘 다 잊는다.","['인생살이', '달인']"
O. 펠덤,우리는 남의 기쁨에서 우리 자신의 슬픔을 뽑아오고 남의 슬픔에서 우리의 기쁨을 얻어 온다.,"['기쁨', '슬픔', '인간심리']"
어네스트 다우슨,"웃음도 눈물도 그렇게 오래 가는 것은 아니다. 사랑도 욕망도 미움도 한 번 스치고 지나가면, 마음 속에 아무런 힘을 미치지 못하는 것이라고 나는 생각한다.","['인생살이', '웃음', '눈물', '사랑', '욕망']"
앙드레 모루아,조급히 굴지 말아라. 행운이나 명성도 일순간에 생기고 일순간에 사라진다. 그대 앞에 놓인 장애물을 달게 받아라. 싸워 이겨 나가는 데서 기쁨을 느껴라.,"['조급함', '행운', '명성', '인생살이']"
예기,인생의 낙은 과욕에서보다 절욕에서 찾아야 한다. 올바른 마음을 가지고 욕심을 제어하면 그 속에 절로 낙이 있으며 봉변을 면하게 되리라. 허욕을 버리면 심신이 상쾌해진다.,"['인생', '즐거움', '욕심']"
실러,"우리가 두려워하는 공포는 종종 허깨비이지만, 그럼에도 불구하고 실제 고통을 초래한다.","['공포', '고통']"
F. 톰프슨,"애인이여, 나는 그대를 사랑하기 두려우니 사랑은 상실의 사자이기 때문이다.","['사랑', '애인']"
세네카,"용기는 별로 인도하고, 두려움은 죽음으로 인도한다.","['용기', '두려움']"
W.G. 베넘,애태우는 근심은 흰 머리를 만든다.,"['근심', '흰머리']"
B. 러셀,"공포는 미신 때문에 생기며, 잔인성을 유발하기도 한다.","['공포', '미신', '잔인성']"
J.M. 싱,"바다를 무서워하지 않는 사람은 머지 않아 익사할 것이다. 그러나 우리는 바다를 두려워하기 때문에, 우리는 이따금씩 익사할 뿐이다.","['바다', '인생살이', '두려움']"
G.W. 라이언,근심은 고통을 빌려가는 사람들이 지불하는 이자이다.,"['근심', '고통', '걱정']"
에픽테투스,"두려운 것은 죽음이나 고난이 아니라, 고난과 죽음에 대한 공포이다.","['공포', '고난', '죽음']"
에머슨,두려움은 언제나 무지에서 샘솟는다.,"['두려움', '무지']"
장자,"해나 달이 밝게 비추고자 해도 뜬 구름이 가리고, 강물이 맑아지고자 해도 흙이나 모래가 더럽히듯, 사람도 본성대로 허무평평하고자 해도 욕심 때문에 방해를 받는다. 오직 성인만이 외부작용을 배제하고 자기 본성으로 돌아갈 수 있는 것이다.","['인간', '본성', '욕심', '성인']"
장자,"생을 존중하는 사람은 비록 부귀해도 살기 위해 몸을 상하는 일이 없고 비록 빈천해도 사리를 위해 몸에 누를 끼치는 일이 없다. 그런데 요즈음 세상 사람들은 고관대작에 있으면 그 지위를 잃을까 걱정하고, 이권을 보면 경솔히 날뛰어 몸을 망치고 있다.","['인생살이', '몸(body)', '건강']"
몽테뉴,탐욕은 일체를 얻고자 욕심내어서 도리어 모든 것을 잃어버린다.,"['탐욕', '욕심']"
명심보감 성심편,"큰 집 천칸이 있다 해도 밤에 눕는 곳은 여덟 자뿐이요, 좋은 논밭이 만경이나 되어도 하루 먹는 것은 두 되뿐이다.","['인생', '재산', '부(wealth)']"
아리스토텔레스,재산의 수준을 높이기보다는 욕망의 수준을 낮추도록 애쓰는 편이 오히려 낫다.,"['행복', '재산', '욕망']"
소크라테스,나는 가장 적은 욕심을 가졌으므로 신에 가장 가까운 존재이다.,"['욕심', '신(god)']"
채근담,탐욕이 많은 사람은 금을 나눠주어도 옥을 얻지 못함을 한하고 공에 봉하여도 제후 못됨을 불평한다.,"['탐욕', '욕심']"
채근담,입에 맛있는 음식은 모두가 창자를 짓물게 하고 뼈를 썩게 하는 나쁜 약이다. 설컷 먹지 말고 5분쯤에 멈추면 재앙이 없느니라. 마음에 쾌한 일은 모두 몸을 망치고 덕을 잃게 하는 중매니라. 너무 탐닉하지 말고 5분쯤에 멈추면 뉘우침이 없느니라.,"['음식', '몸관리']"
아리스토텔레스,"누구든지 성을 낼 수 있다. 그것은 쉬운 일이다. 
그러나 올바른 대상에게 올바른 정도로, 올바른 시간에, 올바른 목적으로, 올바른 방식으로 성을 내는 것은 
모든 사람들이 할 수 있는 일이 아니며 쉬운 일도 아니다.","['화(Anger)', '인간관계']"
세네카,해로운 것은 숨겨진 분노이다.,"['분노', '화(Anger)']"
프리드리히 니체,분개한 사람만큼 거짓말 잘하는 사람은 없다.,"['화(Anger)', '분노', '분개', '거짓말']"
한국 속담,정승을 부러워 말고 네 몸이나 건강케 하라.,['건강']
페스탈로찌,"건강한 몸을 가진 자가 아니고서는 조국에 충실한 자가 되기 어렵고, 좋은 아버지, 좋은 아들, 좋은 이웃이 되기 어렵다.","['건강', '몸(body)']"
에머슨,건강은 제일의 재산이다.,"['건강', '재산']"
에디 부인,질병은 몸의 고장이 아니라 마음의 고장이다.,"['질병', '몸(body)', '마음']"
이디오피아 속담,병을 숨기는 자에게는 약이 없다.,"['병(sickness)', '질병']"
B. 프랭클린,"건강을 유지하는 것은 자신에 대한 의무이며, 또한 사회에 대한 의무이다.","['건강', '자기자신', '사회']"
카알라일,건강한 사람은 자기의 건강을 모른다. 병자만이 자신의 건강을 알고 있다.,['건강']
아라비아 속담,"건강한 사람은 모든 것에 희망을 걸 수 있고, 희망을 갖고 있는 사람은 모든 것을 얻을 수 있다.","['건강', '희망', '꿈(dream)', '성공']"
세르반테스,수면은 피로한 마음의 최상의 약이다.,"['수면', '잠(sleep)', '피로']"
H.G. 보운,자연과 시간과 인내는 3대 의사다.,"['자연', '시간', '인내']"
바이런,역경은 진리로 통하는 으뜸가는 길이다.,"['역경', '고난', '진리']"
E. 버크,곤란은 가혹한 스승이다.,['곤란']
J. 패트릭,고통은 인간을 생각하게 만든다. 사고는 인간을 현명하게 만든다. 지혜는 인생을 견딜 만한 것으로 만든다.,"['고통', '사고(thought)', '지혜', '인생']"
논어 위령공편,군자는 곤궁한 처지에 빠져도 마음이 흔들이지 않는다. 그러나 소인은 곤궁하게 되면 난폭한 생각을 하느니라.,"['군자', '소인', '마음']"
한국 속담,비 온 뒤에 땅이 굳어진다.,"['인생살이', '고난', '아픔']"
괴테,괴로움이 남기고 간 것을 맛보아라. 고통도 지나고 나면 달콤한 것이다.,"['괴로움', '고통']"
괴테,고난이 있을 때마다 그것이 참된 인간이 되어가는 과정임을 기억해야 한다.,"['고난', '인간']"
O. 골드스미스,방향성 식물은 성장하는 동안에는 향기를 내지 않지만 땅 위에 짓밟히고 으깨어지면 달콤한 향기를 사방에 흩날린다.,"['고난', '식물']"
지스레지,고생보다 더 중요한 교육은 없다.,"['교육', '고생']"
푸블릴리우스,고통은 천진난만한 자에게도 거짓말을 강요한다.,"['고통', '거짓말']"
톨스토이,이 세상에 죽음만큼 확실한 것은 없다. 그런데 사람들은 겨우살이 준비하면서도 죽음은 준비하지 않는다.,"['세상', '죽음', '준비']"
존 러스킨,"죽을 때를 모르는 사람은, 살 때도 모르는 사람이다.","['죽음', '삶']"
하운드,나는 죽음을 겁내지 않는다. 다만 의무를 다하지 않고 사는 것을 겁낸다.,"['죽음', '의무', '삶']"
맹자,우환에 살며 안락에 죽는다.,"['인생', '삶', '죽음']"
호라티우스,창백한 죽음은 가난한 자의 오막살이도 왕후의 궁전도 두드린다.,"['죽음', '부자', '빈자']"
엥겔스,죽을 때에 죽지 않도록 죽기 전에 죽어두어라. 그렇지 않으면 정말 죽어버린다.,['죽음']
셰익스피어,죽음이 다가오는 것을 그처럼 두려워한다는 것은 바로 생전의 사악한 생활의 증거이다.,"['죽음', '두려움', '악(evil)']"
바킬리데스,인간에게 가장 고통스러운 죽음은 그가 미리 아는 죽음이다.,"['죽음', '고통']"
두순학,"바다가 마르면 밑바닥이 나타나나, 사람은 죽어도 마음을 알지 못한다.","['마음', '죽음']"
에스킬루스,고결하게 죽는 것이 목숨을 건지는 것보다 더 좋으련만.,['죽음']
A.A. 프록터,삶은 짧지만 죽음은 결국 인생을 영원하고 신성하게 만든다.,"['인생', '죽음']"
레오나르도 다 빈치,"잘 보낸 하루가 행복한 잠을 가져오듯이, 잘 사용한 인생은 행복한 죽음을 가져온다.","['잠(sleep)', '인생', '죽음']"
함마슐트,죽음을 찾지 말라. 죽음이 당신을 찾을 것이다. 그러나 죽음을 완성으로 만드는 길을 찾으라.,['죽음']
상품,"아 벗이여, 드디어 이 세상에 안녕을 고하는구려. 내 마음은 상처투성이였고, 내 몸은 얼음처럼 식어가는구려.",['죽음']
페트라르카,훌륭한 죽음은 전 생애의 명예가 된다.,"['죽음', '명예']"
세네카,죽음이 어디서 너를 기다릴지는 불확실하다. 그러니 어디에서나 그것을 예상하라.,['죽음']
토마스 아 켐피스,죽음을 피하기보다 죄를 삼가는 것이 더 나을 것이다.,"['죽음', '죄(sin)']"
맹자,인간의 본성은 착한 것이다.,"['인간', '본성', '선(good)']"
순자,인간의 본성은 악한 것이다.,"['인간', '본성', '악(evil)']"
한국 속담,열 길 물속은 알아도 한 길 사람 마음은 모른다.,"['사람', '마음']"
명심보감,"호랑이는 그리되 뼈는 그리기 어렵고, 사람을 알되 마음은 알지 못한다.","['사람', '마음']"
한국 속담,사람과 쪽박은 있는 대로 쓴다.,"['사람', '쪽박', '쓰임새']"
한국 속담,사람 살 곳은 골골이 있다.,"['사람', '사람환경']"
한국 속담,사람은 열 번 된다.,"['사람', '인생살이']"
M. 루터,나는 자신을 발견했을 때 졸도할 뻔했다.,['자기자신']
휘필드,"사람은 절반은 짐승이요, 절반은 마귀인 것이다.","['사람', '인간']"
까뮈,인간은 반항하는 존재다.,['인간']
캘빈,"우리는 사람을 알려고 할 때, 그 사람의 손이나 발을 보지 않고 머리를 본다.",['사람평가']
M. 말쯔,인간은 목표를 추구하도록 만들어 놓는 존재다.,"['인간', '목표']"
J.W. 괴테,인간의 행실은 각자가 자기의 이미지를 보여주는 거울이다.,"['행동', '행실', '자기자신']"
채근담,"집안 사람의 허물이 있거든 마땅히 몹시 성내지 말 것이며 가볍게 여기지 말고 그 일을 말하기 어려우면 다른 일을 비유하여 은근히 깨우치라. 오늘에 깨우치지 못하거든 내일을 기다려 다시 경계하라. 봄바람이 언 것을 풀듯, 화기가 얼음을 녹이듯 하라. 이것이 바로 가정의 규범이다.","['가정', '아내', '남편', '인간관계']"
S. 스미드,안락한 가정은 행복의 근원으로 그것은 바로 건강과 착한 양심 다음의 위치를 차지한다.,"['가정', '행복']"
S. 존슨,가정에서 행복해지는 것은 온갖 염원의 궁극적인 결과이다.,"['가정', '행복', '염원']"
J.G. 홀런드,"사람은 집에 있을 때 그의 행복에 가장 가까와지고, 밖으로 나가면 그의 행복에서 가장 멀어지는 법이다.","['행복', '집(home)']"
존 하워드 페인,"쾌락과 궁궐 속을 다닐지라도, 아무리 초라해도 내 집과 같은 곳은 없다.","['가정', '집(home)']"
C.W. 엘리어트,"가정생활의 안전과 향상이 문명의 중요 목적이요, 모든 산업의 궁극적 목적이다.","['가정', '문명']"
논어 위정편,요즈음은 부모에게 물질로써 봉양함을 효도라 한다. 그러나 개나 말도 집에 두고 먹이지 않는가. 공경하는 마음이 여기에 따르지 않으면 짐승과 무엇이 다르겠는가.,"['효도', '부모', '봉양']"
정철,아버님 날 낳으시고 어머님 날 기르시니 두 분 곧 아니시면 이 몸이 살았을까. 하늘 같은 은덕을 어디다가 갚사오리.,"['부모', '효도']"
독일 격언,한 아버지는 열 아들을 기를 수 있으나 열 아들은 한 아버지를 봉양키 어렵다.,"['아버지', '아들', '효도', '봉양']"
C. 페기,아버지에게 손찌검을 하는 아들을 둔 아버지는 누구나 죄인이다. 자기에게 손찌검을 하는 아들을 만들었기 때문이다.,"['자녀교육', '아들', '아버지']"
강태공,"어버이께 효도하면 자식이 또한 효도하고, 이 몸이 이미 효도하지 못했으면 자식이 어찌 효도하리요.","['자녀교육', '효도']"
예기,"부모가 이미 세상을 떠나고 안 계시더라도, 무슨 일을 당했을 때 옳게 행동하는 것은 부모의 명예를 빛내는 것이니 힘을 주어 하게 되고, 한편으로는 나쁜 짓을 하려다가도 부모의 이름을 더럽히지 않으려고 다시 반성하여 좋지 않은 일은 하지 않는 것이다.","['부모', '명예', '인생살이']"
정철,한 몸 둘에 나눠 부부를 만드시니 있을 제 함께 늙고 죽으면 함께 간다. 어디서 망령의 것이 눈흘기려 하느뇨.,['부부']
토마스 풀러,아내를 눈으로 보고서만 택해선 안 된다. 눈보다는 귀로써 아내를 선택하라.,"['아내', '결혼']"
토마스 풀러,남편에 대한 슬픔은 팔꿈치 속의 아픔과 같이 매섭고 짧다.,"['남편', '아내', '슬픔']"
H. 스퍼전,착한 아내와 건강은 남자의 가장 훌륭한 재산이다.,"['남자', '재산', '건강', '아내']"
명심보감 부행편,"여자에게는 칭찬받을 네 가지 덕이 있으니 덕성, 용의, 말씨, 솜씨이다.",['여자']
톨스토이,"살림을 못하는 여자는 집에 있어도 행복하지 않으며, 집에서 행복하지 못한 여자는 어디를 가도 행복할 수 없다.","['여자', '살림', '행복']"
화브스타인,남편들이 보통 친구들에게 베푸는 것과 꼭 같은 정도의 예의만을 부인에게 베푼다면 결혼생활의 파탄은 훨씬 줄어들 것이다.,"['결혼생활', '남편']"
후한서,"부부된 자는 의로써 화친하고 은으로써 호합한다. 남편이 아내를 때리면 무슨 의가 있겠으며, 또 꾸짖으면 무슨 은이 있겠는가.",['부부']
논어,설사 간하여 쫓지 않으시더라도 공경해야 한다. 속으로는 애태울지언정 부모를 원망해서는 안 된다.,"['부모', '공경']"
논어,부모의 나이는 반드시 기억하고 있어야 한다. 한편으로는 오래 사신 것을 기뻐하고 또 한편으로는 나이 많은 것을 걱정해야 한다.,"['부모', '효도']"
A. 링컨,내가 성공을 했다면 오직 천사와 같은 어머니의 덕이다.,"['성공', '어머니']"
장자,"부모를 공경하는 효행은 쉬우나, 부모를 사랑하는 효행은 어렵다.","['부모', '효도', '효행']"
이이,천하의 모든 물건 중에는 내 몸보다 더 소중한 것이 없다. 그런데 이 몸은 부모가 주신 것이다.,"['몸(body)', '부모']"
장현광,내 한몸은 곧 백천만대의 선조가 전한 것을 물려 받은 것이다. 그렇다면 감히 내 몸이 곧 나만의 소유라고 말하겠는가?,"['몸(body)', '조상', '소유']"
남계예설,"우리 나라의 신분 높은 선비는 큰 문벌이 있었다고 하더라도 고려 때 이전은 자세히 알 수가 없다. 예를 들어 이씨의 본관도, 비록 호적은 다르지만 그것이 중국의 여러 성처럼 정말 다른지, 아니면 함께 한 근원에서 나온 것인지를 알겠는가?","['이씨', '성씨']"
장현광,"한 번 생각에도 선조를 생각하여 선조의 마음에 어긋남이 있는가를 염려하고, 한 번 말할 때도 선조를 생각하여 선조의 덕망에 어긋남이 있는가를 염려하며, 한 번 움직일 때도 선조를 생각하여 선조의 행한 도리에 어긋남이 있는가를 염려하며, 전전긍긍하여 항상 깊은 연못에 다다르듯, 엷은 얼음을 밟아가는듯 조심하면 선조의 남긴 교훈의 품위를 떨어뜨리지 않게 되고, 선조들도 역시 훌륭한 자손을 두었다고 이를 것이다.","['조상', '선조', '공경']"
채근담,남의 나쁜 점 꾸짖기를 너무 엄하게 하지 말라. 그 말을 받아서 감당할 수 있는가를 생각해야 한다. 남에게 착한 일 가르치기를 너무 높은 것으로써 하지 말라. 그 사람이 행할 수 있는 것으로써 해야 한다.,"['가르침', '교육']"
장자,"사람이 아는 바는 모르는 것보다 아주 적으며, 사는 시간은 살지 않는 시간에 비교가 안될 만큼 아주 짧다. 이 지극히 작은 존재가 지극히 큰 범위의 것을 다 알려고 하기 때문에, 혼란에 빠져 도를 깨닫지 못한다.","['사람', '앎', '지식', '도(道)']"
몽테스키외,조금을 알기 위해서 많이 공부해야 한다.,"['공부', '앎']"
주자,배우지 않으면 곧 늙고 쇠해진다.,"['배움', '공부', '노화']"
에머슨,책망이 칭찬보다 더 안전하다.,"['칭찬', '책망']"
D. 루즈벨트,인간을 지력으로만 교육시키고 도덕으로 교육시키지 않는다면 사회에 대하여 위험을 기르는 것이 된다.,"['교육', '도덕', '사회']"
에우리피데스,젊을 때에 배움을 소홀히 하는 자는 과거를 상실하고 미래도 없다.,"['배움', '젊음', '청년']"
소학,"사람에게는 세 가지 불행이 있다. 어린 시절에 높은 벼슬에 오름이 하나요, 부모의 세를 업고 고관이 됨이 둘이며, 뛰어난 재주가 있어 문장에 능함이 세째 불행이다.","['사람', '불행', '관직']"
로망 롤랑,언제까지 계속되는 불행이란 없다.,['불행']
칸트,"행복의 원칙은 첫째 어떤 일을 할 것, 둘째 어떤 사람을 사랑할 것, 세째 어떤 일에 희망을 가질 것이다.",['행복']
로버트 인젠솔,행복을 즐겨야 할 시간은 지금이다. 행복을 즐겨야 할 장소는 여기다.,"['행복', '지금', '현재']"
W. 블레이크,"매일 아침, 매일 밤 태어나 비참하게 되는 자 있고, 매일 아침, 매일 밤 태어나 즐거워지는 이 있다.","['불행', '행복', '인생살이']"
한국 속담,부자는 망해도 삼년 먹을 것이 있다.,['부자']
한국 속담,가난 구제는 나라도 못한다.,"['가난', '국가']"
카스레,돈은 밑없는 깊은 물속과 같다. 명예도 양심도 진리도 모두 그 속에 빠지고 만다.,"['돈(money)', '명예', '양심', '진리']"
칸트,재물은 생활을 위한 방편일 뿐 그 자체가 목적이 될 수는 없다.,"['재물', '생활']"
논어,나물 먹고 물 마시며 팔꿈치를 굽혀 베개로 삼아도 즐거움은 역시 그 가운데에 있다.,"['즐거움', '인생살이']"
논어 헌문편,"가난하며 원망하지 않기 어렵고, 부자이면서 교만하지 않기 또한 쉬운 일이 아니다.","['가난', '원망', '부자', '교만']"
에머슨,빈곤은 가난하다고 느끼는 데서 존재한다.,"['빈곤', '가난']"
주베르,"가난한 사람은 덕으로, 부자는 선으로 이름을 떨쳐라.","['빈자', '부자']"
W. 휘트먼,부자는 튼튼한 위를 가져야 한다.,['부자']
안티파테르,"빈곤은 가진 것이 거의 없다는 뜻이 아니라, 많이 가지고 있지 않다는 뜻이다.",['빈곤']
J. 플로리오,빈곤은 재앙이 아니라 불편이다.,"['빈곤', '가난']"
톨스토이,"부란 분뇨와 같아서 그것이 축적되면 악취를 내고, 산포되면 땅을 비옥하게 한다.",['부(wealth)']
소진,"부귀해지면 친척도 이것을 어려워하고, 빈천해지면 이를 업신여긴다.","['부(wealth)', '부귀', '친척']"
공자,불의로써 부하고 동시에 귀한 것은 둥둥 떠도는 구름과 같다.,"['부(wealth)', '재물', '불의']"
맹자,늘 재산이 없는 이는 늘 마음이 없다.,"['재산', '마음']"
박제가,재물은 우물과 같다. 퍼 쓸수록 자꾸 가득차고 이용하지 않으면 말라 버린다.,['재물']
토마스 칼라일,사람은 일하기 위해서 창조되었다. 명상하고 느끼며 꿈꾸기 위해서만은 아니다.,"['사람', '일(work)']"
베르길리우스,노동은 모든 것을 정복한다.,['노동']
탈무드,"자기 아이에게 육체적인 노동을 가르치지 않는 것은 그에게 약탈, 강도 같은 것을 가르치는 것과 마찬가지이다.","['자녀교육', '아이(child)', '노동']"
고리키,일이 즐겁다면 인생은 극락이다. 괴로움이라면 그것은 지옥이다.,"['일(work)', '직업']"
W.NL. 영안,"노동은 생활의 꽃이요, 삶의 보람이요, 마음의 기쁨이다.","['노동', '일(work)']"
헤이우드,굴러가는 돌에는 이끼가 끼지 않는다.,['행동']
벤자민 프랭클린,백년을 살 것같이 일하고 내일 죽을 것같이 기도하라.,"['인생', '일(work)', '기도']"
라 로시푸코,육체적 노동은 정신적 고통을 해방시킨다. 그러므로 가난한 사람이 행복해진다.,"['노동', '행복', '가난', '빈자']"
웨벨,수면은 노동하지 않아도 신이 우리들에게 주신 유일한 선물이다. 그러나 노동한다면 그것은 두 배나 달콤하게 된다.,"['수면', '노동', '신(god)']"
올리버 골드스미스,세상에서 제일 즐겁고 훌륭한 일은 한 생애를 통해 일관된 일을 가지는 일이다.,"['직업', '일(work)']"
맹자,"하늘의 시는 땅의 이와 같지 않고, 땅의 이는 사람의 화와 같지 않다.","['하늘', '땅(land)', '사람', '화합']"
채근담,천지의 기운은 따뜻하면 낳아서 기르고 차면 시들어 죽게 한다. 그러므로 성질이 차가운 사람은 받아서 누리는 것도 또한 박할 것이니 오직 화기있고 마음이 따뜻한 사람이라야 그 복이 두터우며 그 은택이 또한 오래가는 것이다.,"['마음', '사람', '성질', '인생살이']"
한국 속담,마음이 맞으면 부처도 부러워한다.,"['마음', '화합']"
한국 속담,마음이 맞으면 삶은 도토리 한 알을 가지고도 허기를 면할 수 있다.,"['화합', '인생살이', '마음', '허기', '배고픔']"
한국 속담,백지장도 맞들면 낫다.,['협동']
한국 속담,집안이 화합하려면 베개 밑 송사는 듣지 않아야 한다.,"['가정', '화합', '송사']"
허버트,벌들은 협동하지 않고는 아무것도 얻지 못한다. 사람도 마찬가지다.,"['협동', '벌(bee)']"
W. NL. 영안,합한 두 사람은 흩어진 열 사람보다 낫다.,"['협력', '화합']"
한국 속담,개미 천 마리가 모이면 맷돌도 든다.,"['협동', '협력', '단결', '개미']"
R. 애스컴,"거짓말을 하지 말라. 부정직하기 때문이다. 모든 진실을 다 이야기하지 말라. 불필요하기 때문이다. 그렇다, 때와 장소에 따라서는 유해한 거짓말이 진실보다 좋을 때가 있다.","['거짓말', '진실']"
스위프트,하나의 거짓을 관철하기 위해서 우리는 또 다른 거짓말을 발견해야 한다.,['거짓말']
까뮈,진실은 빛과 같이 눈을 어둡게 한다. 거짓은 반대로 아름다운 저녁 노을처럼 모든 것을 멋지게 보이게 한다.,"['진실', '거짓']"
J. 릴리,정직을 잃은 자는 더 이상 잃을 것이 없다.,['정직']
W. 헤즐리트,"정직한 사람은 모욕을 주는 결과가 되더라도 진실을 말하며, 잘난 체하는 자는 모욕을 주기 위해서 진실을 말한다.","['정직', '모욕', '진실']"
존 러스킨,너의 정직은 종교나 정책에 기초해서는 안된다. 너의 종교와 정책이 정직에 기초해야 한다.,"['정직', '종교', '정책']"
J. 레이놀즈,"큰 재주를 가졌다면 근면은 그 재주를 더 낫게 해줄 것이며, 보통의 능력밖에 없다면 근면은 부족함을 보충해 줄 것이다.","['근면', '능력', '재주']"
소학,"사람은 부지런하면 생각하고, 생각하면 착한 마음이 일어나는데, 놀면 음탕하고, 음탕하면 착함을 잊으며, 착함을 잊으면 악한 마음이 생긴다.","['근면', '마음', '선(good)', '악(evil)']"
힐티,미래는 일하는 사람의 것이다. 권력과 명예도 일하는 사람에게 주어진다. 게으름뱅이의 손에 누가 권력이나 명예를 안겨줄까?,"['권력', '명예', '일(work)', '미래']"
B. 프랭클린,백권의 책에 쓰인 말보다 한 가지 성실한 마음이 더 크게 사람을 움직인다.,"['마음', '책(book)']"
공자,무례한 사람의 행위는 내 행실을 바로 잡게 해주는 스승이다.,"['무례함', '행실', '스승']"
명심보감,"군자가 예절이 없으면 역적이 되고, 소인이 예절이 없으면 도적이 된다.","['예절', '군자', '소인']"
B. 프랭클린,손윗사람에게 겸손하고 동등한 사람에게는 예절 바르며 아랫사람에게는 고결해야 한다.,"['인생살이', '인간관계']"
한국 속담,맛 없는 국이 뜨겁기만 하다.,"['사람', '교양', '인격', '교만', '천박함']"
J. 버넌,"쓰러진 자 망할까 두렵지 않고, 낮춘 자 거만할까 두렵지 않다.","['인생살이', '거만']"
논어,예의는 남과 화목함을 으뜸으로 삼는다.,"['예의', '화목함']"
에머슨,"겸손한 자만이 다스릴 것이요, 애써 일하는 자만이 가질 것이다.","['겸손', '통치', '일(work)']"
T. 풀러,산이 높을수록 골은 낮다.,"['산(mountain)', '골짜기']"
O. 메러디드,우선 겸손을 배우려 하지 않는 자는 아무것도 배우지 못한다.,"['겸손', '배움']"
회남자,강물이 모든 골짜기의 물을 포용할 수 있음은 아래로 흐르기 때문이다. 오로지 아래로 낮출 수 있으면 결국 위로도 오를 수 있게 된다.,"['처세', '강물', '물(water)']"
아쇼카왕의 칙령,"누구나 자신의 종교만을 숭상하고 다른 종교를 저주해서는 안 된다. 여러가지의 이유로 다른 종교도 존경해야 한다. 자신의 종교를 포교하면서 다른 종교에도 봉사해야 한다. 그렇지 않으면 누구나 자신의 종교에 무덤을 파는 것이며, 다른 종교에 해를 끼치는 것이다. 자신의 종교만을 숭상하고 다른 종교를 저주하는 자는 누구나 '나는 내 종교를 찬양하는 것이다'라고 생각하면서 자신의 종교에 헌신할 것이다. 그러나 자신의 종교에만 집착하게 되면 그 자신의 종교를 더욱 해치게 된다. 그러므로 화해하는 것이 좋다. 경청하라! 다른 종교의 교의나 가르침에도 귀를 기울여라.",['종교']
순자,아는 것을 안다 하고 모르는 것을 모른다 하는 것이 말의 근본이다.,"['말(words)', '대화']"
채근담,한 마디의 말이 들어 맞지 않으면 천 마디의 말을 더 해도 소용이 없다. 그러기에 중심이 되는 한 마디를 삼가서 해야 한다. 중심을 찌르지 못하는 말일진대 차라리 입 밖에 내지 않느니만 못하다.,['말(words)']
사아디,말이 있기에 사람은 짐승보다 낫다. 그러나 바르게 말하지 않으면 짐승이 그대보다 나을 것이다.,"['말(words)', '사람', '짐승']"
탈무드,인간은 입이 하나 귀가 둘이 있다. 이는 말하기보다 듣기를 두 배 더하라는 뜻이다.,"['듣기', '경청']"
태평어람,질병은 입을 좇아 들어가고 화근은 입을 좇아 나온다.,"['질병', '화근', '말(words)']"
전당시,"입은 화의 문이요, 혀는 이 몸을 베는 칼이다. 입을 닫고 혀를 깊이 간직하면 몸 편안히 간 곳마다 튼튼하다.","['말(words)', '침묵']"
J. 레이,말은 마음의 초상이다.,"['말(words)', '마음']"
H. 애덤즈,누구도 자기가 하는 말이 다 뜻이 있어서 하는 것이 아니다. 그럼에도 자기가 뜻하는 바를 모두 말하는 사람은 거의 없다.,['말(words)']
소포클레스,말을 많이 한다는 것과 잘 한다는 것은 별개이다.,"['말(words)', '대화', '소통']"
E. 리스,말도 아름다운 꽃처럼 그 색깔을 지니고 있다.,['말(words)']
쉴러,악을 피하기 위해 선을 저지름은 선일 수 없다.,"['악(evil)', '선(good)']"
S. 존슨,악행은 덕행보다 언제나 더 쉽다. 그것은 모든 것에 지름길로 가기 때문이다.,"['악행', '악(evil)', '덕행']"
찰스 칼렙 콜튼,"악은 즐거움 속에서도 괴로움을 주지만, 덕은 고통 속에서도 우리를 위로해 준다.","['악(evil)', '덕(virtue)']"
채근담,착한 일을 하고 이익을 보지 않음은 풀 속에 난 동과와 같으니 모르는 가운데 절로 자란다. 몹쓸 일을 하고도 손해를 보지 않음은 뜰 앞의 봄눈과 같으니 모르는 중에 반드시 녹게 된다.,"['선행', '악행']"
소열황제,"착한 일은 작다 해서 아니하지 말고, 악한 일은 작다 해도 하지 말라.","['선행', '악행']"
라 로슈푸코,"선의 끝은 악이요, 악의 끝은 선이다.","['선(good)', '악(evil)']"
그리이스 사화집,시기는 자신의 화살로 자신을 죽인다.,"['시기', '자기자신']"
라 로슈푸코,질투속에는 사랑보다 이기심이 더 많다.,"['질투', '사랑', '이기심']"
소학,"세상 사람들은 나보다 나은 사람을 싫어하고, 나에게 아첨하는 자를 좋아한다.","['시기심', '아첨', '인생살이']"
존 스튜어트 밀,"모든 격정 중에서 가장 추악하고 반사회적인 것, 그것은 시기다.","['시기(envy)', '감정']"
라 로슈푸코,시기는 증오보다 더욱 비타협적이다.,"['시기', '증오']"
셰익스피어,"공기처럼 가벼운 사소한 일도, 질투하는 이에게는 성서의 증거처럼 강력한 확증이다.",['질투']
W. 윌시,나는 내 실망은 견딜 수 있어도 남의 희망은 참을 수 없다.,"['시기심', '실망', '자기자신', '타인']"
오비디우스,시기심은 살아 있는 자에게서 자라다 죽을 때 멈춘다.,"['시기심', '죽음']"
Y. 예프첸코,시기심을 나타냄은 자기 자신에 대한 모욕이다.,"['시기심', '자기자신']"
J. 로스탕,한 사람을 죽이면 그는 살인자다. 수백만 명을 죽이면 그는 정복자이다. 모든 사람을 죽이면 그는 신이다.,"['살인', '죽음', '정복자', '신(god)']"
빅터 위고,죽은 자에게 신은 생명을 되붙여 준다.,"['죽음', '신(god)']"
셰익스피어,"진실은 백일하에 드러날 것이고, 살인도 오래 숨기지는 못한다.","['진실', '살인']"
G.H. 루이스,살인도 재능처럼 혈통을 따라 흐는 것 같다.,"['살인', '혈통']"
M. 고리키,"우리는 모든 사람을 죽인다. 몇 사람은 총알로, 몇 사람은 말로. 모든 사람은 그들의 행위로 사람들을 무덤으로 몰아넣고도 그것을 보지도 않고 느끼지도 않는다.",['살인']
H. 밀러,살인 없이 사는 것은 세상을 놀라게 할 수 있을 그런 생각이다.,['살인']
한국 속담,술 받아주고 뺨 맞는다.,['술(alcohol)']
한국 속담,술은 백약(百藥 )의 장(長),['술(alcohol)']
법화경,"사람이 술을 마시고, 술이 술을 마시고, 술이 사람을 마신다.","['술(alcohol)', '음주']"
W. 위철리,"와인은 우리에게 자유를 주고, 사랑은 그것을 빼앗아가 버린다. 와인은 우리를 왕자로 만들고, 사랑은 우리를 거지로 만든다.","['술(alcohol)', '포도주(wine)', '자유', '사랑']"
롱펠로우,"술집에 가 본 적이 없는 자는 술집이 얼마나 낙원인지를 모른다. 오, 신성한 술집이여! 오, 기적적인 술집이여!","['술(alcohol)', '술집']"
토마스 풀러,술망나니는 바보의 혀와 악한의 심장을 가지고 있다.,"['술망나니', '술(alcohol)', '음주']"
이백,"두 사람이 술잔을 마주하니 산꽃이 피네. 한 잔, 또 한 잔, 다시 또 한 잔.","['술(alcohol)', '음주', '사람']"
토마스 풀러,바다에 빠져 죽은 사람보다 술에 빠져 죽은 사람이 더 많다.,"['술(alcohol)', '와인(wine)', '죽음']"
J. 펌프레트,"술은 기지를 날카롭게 하고 그 타고난 힘을 증진시켜 주며, 대화에 즐거운 향기를 풍기게 한다.","['술(alcohol)', '대화']"
팔다라스,술잔과 입술 사이에는 많은 실수가 있다.,"['술(alcohol)', '실수']"
아이스킬로스,"청동은 모양을 비추는 거울이지만, 술은 마음을 비추는 거울이다.","['동(Bronze)', '술(alcohol)', '음주', '마음']"
J. 헤이,"술은 비와 같다. 즉 진흙에 내리면 진흙은 더욱 더럽게 되나, 옥토에 내리면 아름답게 하고 꽃피게 한다.","['술(alcohol)', '음주']"
장자,유한한 목숨으로써 어찌 무한한 욕심을 따르려 하는가.,"['욕심', '목숨']"
빌리 그레엄,돈을 버는 데 그릇된 방법을 썼다면 그 만큼 그 마음 속에는 상처가 나 있을 것이다.,"['돈(money)', '돈벌이']"
볼테르,참다운 욕구 없이 참다운 만족은 없다.,"['욕구', '만족']"
한국 속담,세살 때 버릇이 여든까지 간다.,"['버릇', '습관']"
도스토예프스키,습관이란 인간으로 하여금 어떤 일이든지 하게 만든다.,['습관']
한국 속담,구제할 것은 없어도 도둑 줄 것은 있다.,"['도둑', '재산']"
한국 속담,"도둑놈은 한 죄, 잃은 놈은 열 죄.",['도둑놈']
한국 속담,도둑맞으면 어미 품도 들춰 본다,"['인생살이', '도둑', '의심']"
한무제,"환락이 진하니, 애수의 정이 또한 짙구나.",['환락']
알랭,대개 결혼의 파탄은 한쪽이 자아를 손상시키는 데서 생긴다.,['결혼']
명심보감,"유순하고 정렬한 것은 부인의 덕이요, 부지런하고 검소한 것은 부인의 복이다.","['부인', '아내']"
장자,"부덕이라는 것은 정조를 맑게 하고 곧게 지키며, 분수를 지키고 몸을 정돈하며, 행동을 얌전하게 하는 것을 말한다.",['부덕']
카르마 요가,정숙한 아내의 사랑을 얻는 것이 남자로서는 가장 보람된 일이다.,"['아내', '남자']"
채근담,"기녀라도 늙으막에 양인을 따르면 한 세상 분냄새가 거리낌이 없을 것이요, 정숙한 부인이라도 늙으막에 정조를 잃고 보면 반생의 깨끗한 고절이 아랑곳 없으리라.","['여자', '기녀', '정조']"
탈무드,우리는 동성애를 용서할 수 없는 행위로 간주한다.,['동성애']
라 로시푸코,"연애의 초기에는 여자는 애인을 사랑하고, 그 다음에는 사랑을 사랑한다.","['연애', '여자', '사랑']"
T. 페인,"내 조국은 세계요, 내 종교는 선을 행하는 것이다.","['조국', '종교', '선(good)']"
H.S. 트루먼,강대국의 책임은 세계를 지배하는 것이 아니라 세계에 봉사하는 것이다.,"['강대국', '국가']"
디오게네스,나는 세계의 시민이다.,['시민']
볼테르,우리의 조국이란 우리의 마음이 묶여 있는 곳이다.,"['조국', '마음']"
회남자,"나라에 의가 지켜지지 않으면 비록 클지라도 반드시 망할 것이요, 사람에게 착한 뜻이 없으면 힘이 있을 지라도 반드시 상하고 말 것이다.","['나라', '사람']"
바이런,"한 나라를 세우기 위해서는 일천년도 부족하지만, 그것을 무너뜨리기 위해서는 단 한 시간으로도 족하다.","['나라', '국가']"
W.E. 글래드스턴,국가의 불의는 국가를 몰락으로 이끄는 가장 정확한 길이다.,"['국가', '불의']"
나폴레옹,모든 제국은 소화불량으로 죽는다.,"['제국', '국가']"
R.W. 에머슨,국가는 자살에 의하지 않고는 결코 쇠망하지 않는다.,['국가']
아인슈타인,"국가가 사람을 위해 만들어졌지, 사람이 국가를 위해 만들어지지 않았다.","['국가', '사람']"
N. 레닌,국가가 있는 한 자유는 없다. 자유가 있을 때는 국가가 있지 않을 것이다.,"['국가', '자유']"
G. 베르나노스,현대국가는 권리밖에는 더 이상 아무것도 가지지 않는다. 그것은 의무를 조금도 인식하지 않는다.,"['국가', '권리', '의무']"
J.F. 케네디,국가는 시민의 하인이지 주인이 아니다.,"['국가', '시민']"
아리스토텔레스,인간은 정치적인 동물이다.,"['인간', '정치', '국가']"
A. 벤틀리,"정치현상은 철두철미한 힘의 현상이며 압력의 현상인데, 압력은 언제나 집단현상이며, 집단현상은 집단 사이의 압박과 반항을 의미한다.","['정치', '힘(power)']"
육가,마상에서 천하를 취할 수는 있어도 다스릴 수는 없다.,"['정치', '통치']"
지그문트 노이만,"우리들은 이 끊임없이 변화해 가는 정치무대에 있어서 정치가 대체 어디서, 언제, 어떻게 되어지는가를 알고 싶다.",['정치']
R.H. 솔로우,내 눈에 비친 정치인의 인상은 권력에 굶주린 인간의 모습이다.,"['정치인', '권력']"
메리엄,정치의 폭력화는 실정의 고백이다.,"['정치', '실정']"
간디,진정한 민주주의는 비폭력에 의해서만 가져올 수 있는 것이라고 믿고 있다.,"['민주주의', '비폭력']"
루소,만일 신이 국민이라면 그들의 정부는 민주적일 것이다. 그러나 그같이 완전한 정부는 인간을 위하여 존재하지 않는다.,"['정부', '인간']"
오르데카,현대는 초민주주의 시대다. 이것이야말로 우리 시대가 우려할만한 사실이다.,['민주주의']
간디,"민주주의에 대한 나의 개념은, 그 체제 하에서는 가장 약한 자가 가장 강한 자와 똑같은 기회를 가질 수 있다는 것이다.","['민주주의', '강자', '약자', '기회']"
간디,천성의 민주주의자는 선천적으로 규율을 여행하는 자이다.,"['민주주의자', '규율']"
A. 스티븐슨,공화정치의 본질은 명령이 아니다. 그것은 동의이다.,['공화정치']
J. 쿠크,민주주의는 뗏목과 같아 쉽게 전복할 수 없다.,['민주주의']
E.M. 포스터,"민주주의에 두 가지 갈채를 보낸다. 하나는 다양성을 용인하기 때문이요, 또 하나는 비판을 허락하기 때문이다.","['민주주의', '다양성', '비판']"
루소,다수자가 통치하고 소수자가 통치되는 것은 자연법칙에 위반된다.,['통치']
J.F. 케네디,민주주의는 무엇보다 우수한 통치형태이다. 그것은 인간을 이성적 존재로서 존경하는 데 기초하기 때문이다.,"['민주주의', '통치']"
C. 애틀리,민주주의란 토의에 의한 통치를 의미한다.,"['민주주의', '통치']"
영국 속담,압제의 습관은 도리를 노예로 한다.,"['압제', '습관', '도리']"
불가 격언,대중이 원하면 소도 잡아먹는다.,"['대중', '소(cow)']"
간디,시민의 불복종은 시민의 타고난 권리이다.,"['시민', '권리']"
간디,권리의 진정한 연원은 의무이다.,"['권리', '의무']"
왕안석,신하된 자는 사해구주의 원한을 한 몸에 감당해야만 국가에 충성을 다하는 것이다.,"['신하', '국가']"
채근담,"하늘은 한 사람의 어진 이를 내어 뭇사람의 어리석음을 알려주나 세상은 도리어 잘난 것을 뽐냄으로써 남의 모자라는 곳만 들춰내고 있다. 하늘은 한 사람에게 부를 주어 여러 사람의 곤함을 건지게 함이건만, 세상은 도리어 저 있는 바를 믿고 사람의 가난함을 깔보나니 진실로 하늘의 벌을 받을진저.","['부자', '가난', '어리석음', '신(god)']"
R.D. 플레르,민주주의는 우리가 필요할 때마다 국민들에게 주는 명칭이다.,['민주주의']
W. 로저스,당신이 원하든 원하지 않든 당신이 선출한 그 사람을 참고 견뎌야 한다.,"['정치인', '선거']"
나폴레옹,당신들의 국가를 영속시키려면 공공의 안전을 위해 결속하라.,"['국가', '안전']"
V. 위고,인간 최고의 의무는 타인을 기억하는 데 있다.,"['인간', '의무', '인간관계']"
로저스,재산은 권리와 의무를 동시에 갖는다.,['재산']
훌드,희생은 종교의 제일 요소로서 이것을 신학용어로 번역한다면 신의 사랑이 된다.,"['희생', '종교', '신(god)']"
영국 격언,의무가 있은 다음에 쾌락이 있다.,"['의무', '쾌락']"
러스킨,살아서든 죽어서든 너의 책임을 완수하라.,"['책임', '일(work)']"
킹슬레,너의 가장 가까운 곳에 있는 의무를 행하라.,['의무']
아리스토텔레스,가장 훌륭한 정치적 공동사회는 중류층 시민으로 이루어진다.,"['정치', '시민']"
윌리엄 펜,국민들로 하여금 그들이 통치한다고 생각하게 하라. 그러면 그들이 통치받을 것이다.,['통치']
A. 루빈스타인,영국인이 대문자로 쓰는 유일한 글자는 나(I)이다. 이것은 그들의 민족성을 가장 뚜렷하게 이야기해 주는 것이라고 생각한다.,['영국인']
존 스튜어트 밀,국가의 재산은 결국 국가를 구성하는 개인의 재산이다.,"['국가', '재산', '개인']"
사마양저,"옛 성왕들은 나라를 다스림에 있어 하늘의 도에 순응하고 자연의 이치에 따랐으며, 백성 가운데 덕 있는 자를 적재적소의 관직에 배치하고 대의명분을 세워 직무를 수행하게 하였다.",['정치']
동고집,"나라를 다스리는 일이 한두 가지가 아니지만 민심을 얻는 일보다 더 큰 것이 없고, 나라를 다스리는 길이 많지만 민심을 따르는 것보다 더한 것이 없다.","['민심', '정치']"
『회남자』,"백성을 다스리는 임금은 마치 활쏘는 사람과 같아, 그 손에서 털끝만큼만 빗나가도 결과에 가서는 몇 길이나 어긋나게 마련이다.","['임금', '정치']"
라틴 법언,만인은 천리 앞에 평등하다.,['평등']
탈무드,전 인류는 단지 한 선조밖에 갖고 있지 않다. 그러므로 어느 인간이 어느 인간보다 뛰어 났다고 할 수는 없다.,"['인류', '인간']"
공자,"큰 도가 행해지면 사람은 자기 부모만을 부모로 생각하지 않고, 자기 자식만을 자식으로 생각하지 않는다.","['도(道)', '도(tao)']"
만암,불교는 절대 평등이 절대 공기(公器)이다.,"['불교', '평등']"
한스 훤 뷰로,전통예술이란 타락에 지나지 않는다.,['전통예술']
오스카 와일드,"예술, 그것은 무용(無用)의 것이다.",['예술']
사와키,오늘날의 과학문화는 인간의 가장 하등한 의식을 토대로 해서 발달하고 있음에 불과하다는 사실을 잊어서는 안 된다.,['과학문화']
플라톤,"철학자가 통치자이고, 통치자가 철학자인 국가는 행복하다.","['철학자', '통치자', '국가']"
스마일스,사람을 위대하게 만드는 것은 모두 노동에 의해서 얻어진다. 문명이란 노동의 산물이다.,"['문명', '근로', '노동']"
헨리 픽쳐,하나의 발명은 전 인류의 행복이다.,['발명']
영국 속담,단지 자신만을 위해서 생활하는 이는 생활할 가치가 없다.,['이기심']
윌리암 부스,"어떤 사람의 희망은 미술에 있고, 어떤 사람의 희망은 명예에 있고, 어떤 사람의 희망은 황금에 있다. 그래도 나의 큰 희망은 사람에 있다.","['희망', '사람']"
스마일스,대사업의 기록은 대고난의 기록이다.,"['사업', '고난']"
월 모트,"주의는 천재를 만든다. 학문, 사상, 과학은 모두 주의에 기틀을 둔다.","['주의', '천재']"
셰익스피어,평화는 예술의 보모이다.,"['평화', '예술']"
토머스 칼라일,인도를 잃어버리더라도 셰익스피어를 잃고 싶지 않다.,"['셰익스피어', '인도']"
나폴레옹,"음악은 정욕을 감화하는 일을 한다. 때문에 정부는 크게 이를 장려해야 한다. 좋은 가곡은 마음을 감동시켜 마음을 감동시켜 부드럽게 함으로써 이성을 설복하려는, 도덕보다도 그 영향이 더욱 크다.","['음악', '정부']"
브왈로,"명예는 울퉁불퉁하며 모래사장이 없는 섬과도 같아 일단 그곳을 떠나버리면, 우리는 결코 돌아갈 수 없다.",['명예']
G. 클리블랜드,명예는 정직한 수고에 있다.,['명예']
베르길리우스,명예는 태도를 바꾼다.,"['명예', '태도']"
니체,"자랑스럽게 사는 것이, 그 이상 가능하지 않을 때 사람은 자랑스럽게 죽어야 한다.","['죽음', '삶', '자랑']"
S. 다니엘,모든 훌륭한 명예의 실례는 고난과 불행에서 성장된다.,['명예']
C. 말로우,명예는 우리가 하는 행위에 의해 획득된다. 명예는 어떤 계기를 맞아 행위가 이루어질 때까지는 얻어지지 않는다.,['명예']
키케로,"적합한 것은 명예롭고, 명예로운 것은 적절하다.",['명예']
스코트,도적들 사이에도 명예가 있다.,"['명예', '도적']"
N. 로우,나 자신이 내 명예의 수호자다.,"['명예', '수호자']"
J.B. 오라일리,너에게 명예가 오면 기꺼이 받으라. 그러나 가까이 있기 전에는 붙잡으려고 손을 내밀지 말라.,['명예']
채근담,"부귀공명의 마음을 다 놓아버려야 범속의 자리를 벗어날 것이요, 인의나 도덕의 마음을 다 털어버려야 비로소 성현의 자리에 들어갈 것이다.","['성현', '부귀공명']"
셰익스피어,"명예는 물 위의 파문과 같으니, 결국은 무로 끝난다.",['명예']
S. 베케트,우리는 성인이 아니지만 약속을 지켰다'고 얼마나 많은 사람들이 그렇게 자랑할 수 있는가?,['약속']
프리드리히 니체,사람은 자기가 한 약속을 지킬만한 좋은 기억력을 가져야 한다.,"['약속', '기억']"
덴마크 격언,오랜 약속보다 당장의 거절이 낫다.,"['약속', '거절']"
J.R. 로우얼,강요당하고는 절대로 말하지 말라. 그리고 지킬 수 없는 것은 말하지 말라.,['말(words)']
R.W.서비스,해놓은 약속은 미지불의 부채이다.,['약속']
토마스 풀러,약속을 잘하는 사람은 잊어버리기도 잘한다.,"['약속', '망각']"
J. 메이스필드,비통 속에 있는 사람과의 약속은 가볍게 깨진다.,"['약속', '슬픔']"
나폴레옹 보나파르트,약속을 지키는 최고의 방법은 약속을 하지 않는 것이다.,['약속']
찰스 해돈 스펄전,"약속은 태산처럼 해놓고, 실천은 두더지 둔덕만큼 한다.","['약속', '실천']"
스펄전,약속으로 배가 채워지지는 않는다.,['약속']
토마스 풀러,장사꾼같이 약속하고 군함같이 갚는다.,['약속']
루이 18세,시간엄수는 군주의 예절이다.,"['시간엄수', '약속', '군주']"
셰익스피어,사람들의 서약은 빵껍질이다.,"['서약', '약속']"
솔론,사람들은 약속을 어기지 않는 것이 양자에게 다같이 유리할 때 약속을 지킨다.,['약속']
프랑스 속담,사람은 자기를 기다리게 하는 자의 결점을 계산한다.,"['기다림', '결점', '사람']"
앙리 프레데릭 아미엘,암시하는 법을 아는 것은 가르치는 큰 기술이다.,"['암시', '가르침', '교육']"
에머슨,"주는 자는 가르치고, 받아들이는 자는 배운다.","['가르침', '배움']"
조제프 주베르,가르치는 것은 두 번 배우는 것이다.,"['가르침', '배움']"
앙리 프레데릭 아미엘,어려운 일을 쉽게 만들 수 있는 사람이 교육자이다.,['교육자']
여희철,"집안에 어진 어버이와 형이 없고, 집 밖에 엄한 스승과 벗이 없으면서, 성공하는 자는 드물다.","['가정', '어버이', '형제', '스승', '벗', '친구', '성공']"
핼리팩스,가르친다는 허영심은 때로는 인간으로 하여금 자신이 바보라는 사실을 잊도록 유도한다.,['가르침']
G. 엘리어트,우리를 신뢰하는 자가 우리를 교육한다.,"['교육', '신뢰']"
R.D. 히치콕,배운다는 것은 사치다. 그러나 배움의 사치가 가르침의 사치와 비교될 수는 없다.,"['배움', '가르침']"
순자,"학문은 잠시도 쉬어서는 안 된다. 푸른 색깔은 쪽에서 나오지만 쪽보다 더 푸르고, 얼음은 물이 만들지만 물보다 더 차다.",['학문']
P. 윌리,"한 명의 훌륭한 교사는, 때로는 타락자를 건실한 시민으로 바꿀 수 있다.",['교사']
공자,세 사람이 걸어가면 반드시 나의 스승이 있다.,"['스승', '사람', '인생살이']"
예기,스승은 종과 같다.,['스승']
맹자,사람의 번거로움은 즐겨 남의 스승이 되려는 데에 있다.,"['인생살이', '스승']"
사기,전에 일어난 일을 잊지 않는 것은 훗날에 있을 일의 스승이다.,"['인생살이', '스승', '과거', '미래']"
라 로슈푸코,"좋은 결혼은 있어도, 즐거운 결혼은 좀체로 없다.",['결혼']
데모크리토스,인간이 행복한 것은 육체에 의해서도 아니며 금전에 의해서도 아니다. 마음의 바름과 지혜의 풍부함에 의한 것이다.,"['행복', '인간']"
앙드레 지드,"행복하게 되는 비결은 쾌락을 얻으려고 한결같이 노력하는 것이 아니라, 그 자체 속에서 쾌락을 찾아내는 것이다.","['행복', '쾌락']"
그리스 속담,건강과 지혜는 인생의 최대 행복이다.,"['건강', '지혜', '행복']"
미국 속담,시간의 절약은 생명의 연장이다.,['시간절약']
미국 속담,다른 사람을 판단하기 전에 그 사람의 신을 신고 10리만 걸어보십시오.,"['판단', '인생살이']"
마틴 루터 킹,"세상을 움직이는 것은 희망, 풍년의 희망으로 농부는 씨앗을 뿌리고, 이익이란 희망으로 상인은 장사를 한다.","['희망', '힘(power)']"
아리스토텔레스,행복이란 최고의 선이다.,"['행복', '선(good)']"
라빈드라나트 타고르,"빛깔이 예쁜 그릇 속에 담긴 물은 고운 빛을 띠고 맑아 보이지만, 맑은 물이라도 바닷속 깊이 있을 때는 어둡게 보인다. 지식도 이와 마찬가지로 깊고 큰 진리를 터득한 사람은 침묵을 지키나 지식이 얕은 이는 몹시 아는 척한다.","['지식', '진리', '사람']"
카네기,어느 곳에 돈이 떨어져 있다면 길이 멀어도 주우러 가면서 제 발밑에 이는 일거리는 발길로 차 버리고 지나치는 사람이 있다. 눈을 뜨라! 행복의 열쇠는 여디에나 떨어져 있다. 기웃거리고 다니기 전에 먼저 마음의 눈을 닦으라!,['행복']
버트런드 러셀,진실로 마음을 만족시키는 행복은 우리들의 온갖 능력을 힘껏 행사하는 데에 있다. 또 우리들이 살고 있는 세계가 완성되는 데서 생기는 것이다. 그러나 진정한 행복을 바라거든 무엇보다도 먼저 만사에 허욕을 부리지 말 것이다.,"['행복', '능력', '허욕']"
괴테,"생각하는 사람의 가장 아름다운 행복은 캐낼 수 있는 걸 캐내고, 캐낼 수 없는 것을 가만히 우러러 보는 일이다.","['생각', '행복']"
필,"행복한 사람이 되기 위해서는 평범 속에서 로맨스를 찾는 맑은 정신과 눈을, 어린이의 마음을, 단순한 정신을 갖는 것이 중요하다.",['행복']
탈무드,아무리 자기의 허욕을 이겨 내지 못할 경우가 있더라도 낙심을 안하는 사람은 행복한 사람이다. 왜냐하면 두 개의 마음이 싸울 때마다 허욕에 찬 마음은 낙심하지 않는 마음에 약해지기 쉽기 때문이다.,"['낙심', '행복', '허욕', '욕심']"
라 로슈푸코,"이 세상에서 가장 행복한 사람이란 영세한 재물로써 만족하는 사람이며, 위인과 야심가는 가장 딱한 사람들이다. 왜냐하면 그들이 행복해지기 위해서는 재물을 한량 없이 긁어 모아야만 되기 때문이다.","['행복', '재물', '만족']"
괴테,사람의 최대의 행복은 인격이다.,"['행복', '인격']"
생텍쥐페리,인간의 행복이란 자유에 있지 않고 의무를 수행하는 데 있다.,"['행복', '자유', '의무']"
리히텐베르크,오래 가는 행복은 정직한 것 속에서만 발견할 수 있다.,"['행복', '정직']"
폴 새무얼슨,행복이란 다음과 같은 방정식으로 표현할 수 있다.,
행복 = 소유/욕망,['행복'],
버트런드 러셀,인간의 행복의 원리는 간단하다. 불만에 자기가 속지 않으면 된다. 어떤 불만으로 해서 자기를 학대하지만 않는다면 인생은 즐거운 것이다.,"['행복', '불만', '인생']"
칼라일,자기의 할 일을 찾아낸 사람은 행복하다. 그에게 다른 행복을 찾게 해서는 안된다.,"['행복', '일(work)']"
소크라테스,"나는 생각한다, 잘되겠다고 노력하는 그 이상으로 잘 사는 방법은 없다고. 그리고 실제로 잘되어 간다고 느끼는 그 이상으로 큰 만족은 없다고. 이것은 내가 오늘까지 살아 오며 경험하고 있는 행복이다. 그리고 그것이 행복인 것은 내 양심이 증명해 주고 있는 것이다.","['행복', '노력']"
하이네,나는 진보라는 것을 믿는다. 인류가 행복해 질 수 있는 운명을 타고났음을 나는 믿는다.,"['인류', '행복', '진보']"
헤겔,"행복은 작은 새처럼 붙들어 두어야 한다, 될 수 있는 한 살그머니 그리고 갑갑하지 않게. 작은 새는 자신이 자유롭다고 생각하기만 하면 즐겨 그대의 수중에 머물러 있을 것이다.","['행복', '새(bird)']"
고리키,만약 행복을 얻고자 하거든 숲 속에서 버섯을 찾듯 먼저 행복을 찾아야 한다. 애써서 찾아야 한다. 그리고 그것을 찾거든 독버섯인가 아닌가를 잘 조사해야 한다.,['행복']
괴테,"기쁜 마음으로 일하고, 그리고 행한 일을 기뻐할 수 있는 사람은 행복하다.","['행복', '기쁨', '일(work)']"
알랭,행복이 찾아와 주기만 기다려 문을 열어 둔 채 방관하고 있다면 들어오는 것은 슬픔뿐이다.,"['행복', '슬픔']"
미국 속담,믿음과 의지만 있다면 모든 것이 가능하다.,"['믿음', '의지', '가능']"
폰타네,행복했을 때 더 행복해지고 싶다고 생각해서는 안 된다.,['행복']
잔느 롤랑,누구나 행복에 대해서 말한다. 그러나 그것을 아는 사람은 거의 없다.,['행복']
페공,"당신의 그 가슴에는 덕이 있고, 그 이마에는 예절이 있고, 그 입에는 친절이 있으라. 그리고 그 손에는 노동이 있으라!","['인생살이', '노동']"
괴테,"무슨 일에든지 희망을 거는 것은 실망을 하는 것보다 낫다. 왜냐하면, 어떠한 일이든지 꼭 가능하다고 믿을 수는 없기 때문이다.",['희망']
스마일스,"늘 쾌활하게 생활하고 싶다면 대단치 않은 일에 핏대를 올리지 말 것이며, 그리고 비록 작더라도 제 몫으로 온 것에 대해서 만족하고, 감사히 여겨라.","['생활', '만족', '화(anger)', '인생살이']"
게오르규,어떠한 불행 속에도 행복은 숨어있는 법이다. 다만 어디에 좋은 것이 있고 어디에 나쁜 것이 있는가를 모르고 있을 뿐이다.,"['불행', '행복']"
라 로슈푸코,사람은 자기가 생각하듯이 행복하지도 불행하지도 않다.,"['행복', '불행', '생각']"
서양 격언,아무것도 모르는 것이 가장 행복한 것이다.,"['행복', '무지']"
M. 올리판토,크고 작고 간에 고통을 수반하지 않는 행복이 이 세상에 있을까?,"['행복', '고통']"
프로스트,희망은 사람의 마음에 꽃을 피게 한다. 그러나 일단 목적을 달성한다던지 성공을 하는 날엔 이미 마음속에 지닌 향기는 없어지기 쉽다. 그러기 때문에 인생이란 그것을 살아가기보다도 오히려 꿈꾸는 것인지도 모른다.,"['희망', '인생']"
펄 벅,"힘은 희망을 가지는 사람에게 있고, 용기는 마음속에 있는 의지에서 우러나오는 것이다.","['힘(power)', '용기']"
에픽테토스,"절대적인 건강과, 낭비를 해도 없어지지 않는 재물은 없다. 육체나 재물은 결국 없어진다. 다만 사람은 마음만은 무너지지 않는다. 우리의 양심만 밝다면 마음 속을 침범할 어떠한 힘도 없다.","['육체', '마음', '양심']"
알랑,찡그린 얼굴을 펴기만 하는 것으로 마음도 따라서 펴지는 법이다. 웃음은 가장 좋은 화장이고 건강법이다. 웃음은 인생의 약이다.,"['웃음', '얼굴', '인생']"
괴테,기쁨이 있는 곳에 사람과 사람 사이의 결합이 이루어진다. 사람과 사람 사이에 결합이 있는 곳에 또한 기쁨이 있다.,"['기쁨', '사람', '인간관계']"
괴테,자신의 희망을 아는 사람은 존경할 만하다.,"['희망', '존경', '자기자신']"
맹자,부모 구존(具存)하고 형제 무고함이 첫째 행복이다.,"['행복', '부모', '형제']"
힐티,"인류의 최대의 불행은 농사가 잘 안되었다거나 화재를 만났다거나 또는 나쁜 사람으로부터 받은 타격에서 온다기보다는 우리 개인 개인이 서로 화목하지 못하는 데서 발생한다. 자기의 이웃과 전인류를 적대시하고 나서 그 누가 행복될 수 있을 것인가? 자기 주위 사람, 아내와 남편과 부모와 형제와 친척과 그리고 친구와 이웃과 화목한 것이 행복의 출발점이다.","['행복', '이웃', '화목']"
M. 프라이어,행복되기를 원한다면 남을 즐겁게 하는 일을 배우라.,['행복']
셰퍼,소망과 희망을 가진 자는 이미 미래에 사는 자이다.,"['소망', '희망', '미래']"
A. 카네기,누구든지 좋은 기회가 없는 것은 아니다. 다만 그것을 적시에 포착할 수 없었을 뿐이다.,['기회']
R. 스티븐슨,"희망은 영원한 기쁨이다. 인간이 소유하고 있는 토지와 같은 것이다. 해마다 수익이 오르며, 결코 써 버릴 수 없는 확실한 재산이다.","['희망', '기쁨']"
퍼시 셸리,겨울이 오면 봄도 멀지 않으리.,"['겨울', '봄(spring)']"
나폴레옹,용기 있는 사람은 적이라 할지라도 나는 이를 존경한다.,"['용기', '존경', '적(enemy)']"
루소,인간은 본래 선한 존재이다. 자연 그대로의 상태는 선한 것이다.,"['인간', '자연', '선(good)']"
파블로 피카소,여러분은 그림을 그릴 때 가끔 아름다운 것을 발견할 것이다. 그러나 그것을 지워 버리고 몇 번이고 다시 그려야 한다. 지우는 일은 모양을 바꾸고 더 보태서 아름다움을 완성해 나가는 과정이다.,"['그림', '화가', '아름다움']"
그리보에도프,행복한 사람은 시계에 관심이 없다.,"['행복', '시계', '시간']"
괴테,"자연! 우리들은 자연으로 둘러싸여 있으며, 그 속에 파묻혀 있다. 그 속에서 빠져 나올 수도 없고, 또 더 빠져 들어가지도 못하면서.",['자연']
힐덜린,"희망이 없는 인생이란, 도대체 무엇이란 말인가.","['희망', '인생']"
쥘 르나르,"희망이란, 아침마다 빛나는 태양의 빛을 받으며 나갔다가도 저녁에 비에 젖어 돌아 오는 것과 같다.",['희망']
에머슨,소망은 너무 높게 갖지 말라! 올라 가지 못할 소망을 너무 높게만 가지면 눈앞의 할 일마저 놓치고 만다.,['소망']
니체,오직 미래를 건설하는 자만이 과거를 심판할 권리를 갖는다.,"['미래', '과거']"
B. 디즈레일리,자연의 걸음걸이에 맞추어라. 자연의 비밀은 인내이다.,"['인내', '자연']"
힐티,행복도 하나의 기술이다. 즉 자기 자신 속에서 발견하는 기술이 필요하다.,"['행복', '자기자신']"
알랑,"우리들은 행복이라는 물건을 만들 수 있는 재료와 힘을 가지고 있는데, 그것을 돌보지 않고 만들어져 있는 행복을 찾고 있다. 그러나 행복이란 파는 물건이 아닌 이상 살 수 없다는 것을 알아야 한다.","['행복', '자기자신']"
지드,"가장 큰 행복이란, 사랑하고 그 사랑을 고백하는 것이다.","['행복', '고백']"
슈와프,햇빛은 누구에게나 따뜻한 빛을 준다. 사람의 웃는 얼굴은 햇빛과 같이 친근감을 준다. 인생을 즐겁게 지내려면 찡그린 얼굴을 하지 말고 웃을 줄 알아야 한다.,"['웃음', '얼굴']"
로마 속담,행복의 계단은 미끄러지기 쉽다.,['행복']
베이컨,자연은 복종하지 않고서는 정복할 수 없는 것이다.,['자연']
나폴레옹,자연적이 아닌 것은 모두 불완전한 것이다.,"['불완전', '자연']"
콜리지,자연에 우울한 것이라고는 하나도 없다.,['자연']
칼 메닝거,"영어의 행복이란 단어 happiness는 본시 옳은 일이 자신 속에 일어난다는 뜻을 가진 happen에서 나온 말이다. 행복이란 글자가 가진 뜻과 같이, 그것은 그 사람의 올바른 성과인 것이며, 우연히 외부에서 찾아온 운명의 힘은 아닌 것이다.",['행복']
쾨르너,자연의 수수께끼는 끝이 없다.,['자연']
링컨,나는 하나의 절실한 소원을 가지고 있다. 그것은 내가 이 세상에 태어난 까닭에 조금이라도 세상 일이 좋게 되어 간다는 것을 볼 때까지 살고 싶다는 것이다.,"['소원', '세상']"
니체,실망은 못난 사람이 내리는 판단이다. 현명한 사람은 실망이란 두 글자가 자기 머리에 떠오르는 것조차 두려워한다.,"['실망', '사람']"
실러,어떠한 자연의 속에서도 아름다움을 느끼지 않는 사람은 그 사람의 마음에 결함이 있음을 보여주는 것이다.,"['자연', '아름다움']"
에론스트,자연의 진실과 단순은 언제나 중요한 예술의 궁극적인 기초였다.,"['예술', '진실', '단순']"
알베르 카뮈,행복은 잃기가 쉽다. 행복이란 항상 분에 넘치는 것이기 때문이다.,['행복']
보브나르그,인내란 희망을 갖는 기술이다.,"['인내', '희망']"
에머슨,희망은 깊은 바다 위가 아니면 결코 그 날개를 펼 수 없다.,['희망']
영국 속담,오늘만은 슬픔이 있더라도 내일은 꼭 기쁨이 있어야 하겠다.,"['오늘', '슬픔', '내일', '기쁨']"
헤라클레이토스,만물은 유전(流轉)한다.,['만물']
로망 롤랑,"만약 세상 사람들이 괴로와 하는 것을 보고 일일히 발을 멈춘다고 하면, 사람은 도저히 살아 갈 수가 없을 것이다. 행복이란 열 가지 고뇌 속에 한두 가지의 즐거움을 가리키는 것이다. 그러기 때문에 사람들은 열 가지의 괴로움 속에서도 한두 가지의 즐거움, 다시 말하면 행복이 있기 때문에 괴로움과 고뇌를 잊어 버리고 씩씩하게 살아 가는 것이다.","['괴로움', '행복']"
프랑스 격언,최고의 쾌락은 남을 즐겁게 하는 데 있다.,"['쾌락', '봉사']"
러보크,희망과 기력과 용기를 준다는 것은 돈을 주는 것보다 큰 은혜이다.,"['희망', '기력', '돈(money)', '은혜']"
보브,희망이란 영구히 사람의 가슴속에서 사라지지 않는다. 그러므로 사람은 당장 행복하지 않아도 언젠가는 행복해진다고 생각한다.,"['희망', '행복']"
주베르,행복이란 자기의 영혼을 훌륭하다고 느끼는 것이다. 그 이외에 행복이라는 것은 없다. 따라서 행복은 슬픔 속에서도 뉘우침 속에서도 존재할 수 있다.,"['행복', '영혼']"
베이컨,희망은 멋진 아침 식사이지만 형편없는 저녁 식사이다.,['희망']
라파엘,신앙과 사랑에 대한 목표를 갖지 않은 사람에겐 역시 목표 없는 희망이 있을 뿐이다.,"['신앙', '사랑', '목표']"
S. 존슨,희망이 없는 슬픔에서는 어떠한 지혜도 나오지 않는다.,"['슬픔', '지혜', '희망']"
니체,비범한 사람이란 필요한 일을 견딜 줄 아는 동시에 그 곤란을 사랑하는 사람이다.,"['사람', '곤란']"
셰퍼,기대한다는 것은 그것만으로 이미 행복한 것이다. 기대 속에는 그대가 기대하는 영상이 여러모로 떠올라 있기 때문이다.,"['기대', '행복']"
괴테,"자연이란 부단히 건설하고, 또 부단히 파괴하는 것이다.",['자연']
아우구스티누스,"마음을 평온하게 가지려면 불쾌한 기억을 머리 속에 불러들이지 말 것이다. 시궁창이 있는 곳을 피하여 가듯이 불쾌한 기억은 피해 버려야 한다. 기분 나빴던 일을 언제까지나 머리 속에서 꾸역꾸역 생각하는 것은 가장 나쁘다. 사람은 현재가 불행한 것이 아니라, 불쾌하고 슬픈 기억 때문에 불행한 것이다. 그러한 기억에서 떠난다면, 오늘의 하루는 그런대로 즐거울 것이다.","['마음', '불행', '기억', '하루', '즐거움']"
루터,"가장 기쁜 생의 과정은 온전한 가정에서 찾고 친절한 아내와 더불어 살며, 적은 것을 만족하는 것으로 생각한다.","['기쁨', '가정', '인생살이']"
마르틴 루터,희망은 강한 용기이며 새로운 의지이다.,['희망']
알랑,"행복이란 스스로 만족하는 점에 있다. 남보다 나은 점에서 행복을 구한다면 영원히 행복되지 못할 것이다. 왜냐하면 누구든지 남보다 한 두가지 나은 점은 있지만, 열가지가 다 남보다 뛰어날 수는 없기 때문이다. 그러기 때문에 행복이란 남과 비교해서 찾을 것이 아니라 스스로 만족할 수 있는 것이 중요하다.","['행복', '만족', '타인비교']"
신약 로마 서,"소망 중에 즐거워하며, 환난 중에 참으라.","['소망', '환난']"
골드스미드,"우리의 최대의 영광은 한 번도 실패하지 않았다는 것이 아니고, 쓰러질 때마다 다시 일어난다는 점에 있다.","['실패', '영광', '재기']"
세르반테스,생명이 있는 한 희망이 있는 것이다.,"['희망', '생명']"
아우렐리우스,더 이상 자신을 잘못 인도하지 말라. 앞으로 남은 시간이 많다고 생각하지 말라. 너에게 주어진 시간은 결코 길지 않다. 헛된 희망은 내던져 버리고 마지막 정리를 하라. 정말로 너 자신을 위하려면 아직 할 수 있는 동안에 이성의 인도에 따르라.,"['시간', '희망', '이성']"
위고,수학보다도 희망이 더 문제를 푸는 힘이 있다.,"['희망', '수학']"
장 파울,긴 희망은 짧은 경탄보다 감미롭다.,"['희망', '경탄']"
성서,가난한 자에게 복이 있으라. 가난한 자는 복이 있나니 천국이 저희 것임이라.,"['가난', '빈자', '천국']"
휘트만,가장 먼 데까지 간 사람은 누구냐고 묻고 싶다. 왜냐하면 나는 그보다 더 멀리까지 가고 싶기 때문에.,['야망']
G. 허버트,"너의 행동은 낮게 하고, 너의 희망은 높이 가지라.","['행동', '희망']"
칼라일,훌륭한 일은 모두 처음에는 불가능인 것같이 보인다.,['일(work)']
스탕달,미모는 행복의 보증에 지나지 않는다.,"['미모', '행복']"
J.L.C. 그림,행복한 사람은 남을 행복하게 만들어 줄 수 있다. 남을 복되게 하여 주면 자기의 행복도 한층 더한 것이다.,['행복']
키이츠,인생은 장미꽃의 희망이다. 단 피어나지 않을 동안만의.,"['인생살이', '희망', '장미']"
W. 배젓,인생의 기쁨은 다른 사람들이 할 수 없는 일을 하는 데 있다.,"['인생', '기쁨']"
영국 속담,희망만으로 사는 사람은 음악 없이 춤추는 것과 같다,"['희망', '음악', '춤(dance)']"
모로아,망각 없이 행복은 있을 수 없다.,"['망각', '행복']"
슈바이처,인류가 모두 행복하기 전에는 개인의 행복이란 있을 수 없다.,"['행복', '인류']"
롱펠로,"행운을 바라고 행복을 생각하지 않는 사람은 없다. 그것을 얻기 위해 사람들은 고생하고 방황하며, 또한 지금길을 가려고 도박적인 일에 손을 대는 사람이 많다. 사람은 일을 하면서 행운과 행복을 기다려야 한다.","['행운', '행복', '일(work)']"
조만식,"현대의 우리나라 사람들은 내세를 생각하고 살아가는 사람이 아니라 다만 그날 그날에 취생몽사의 양태로 지나가는 형상인 듯 하다. 자기 일 개인의 이상, 우리나라 사람 전체의 이상이 있어야 되겠다. 말하자면 대원, 대망이 있는 사람이 많이 나와야 할 줄로 안다. 현대 어디를 막론하고 대인물, 대인격자를 얻어야 사회는 운전되고 향상되고 건축이 있는 것이다.","['대한민국', '사람']"
엑토르 라오스,"행복으로 가는 길을 열어 주는 열쇠는 없고, 행복을 향해 올라가는 사다리가 있을 뿐이다.",['행복']
테니슨,중대한 희망은 인간을 인간답게 만든다.,"['희망', '인간']"
묵자,만족한 마음을 가질 수 없는 사람은 결코 만족한 생활이란 있을 수 없다.,"['만족', '마음', '생활']"
도스토예프스키,어떤 사람은 자기는 늘 불행하다고 자탄한다. 이것은 자신이 행복함을 깨닫지 못하기 때문이다. 행복이란 누가 주는 것이 아니라 스스로 찾는 것이다.,"['불행', '행복', '자기자신']"
로이드 조지,희망은 애국심의 근원이다.,"['희망', '애국심']"
몰토케,행복을 소유하고 있는 것은 오랫동안 두고 볼 때 대개 무능한 사람뿐이다.,['행복']
마르쿠스 아우렐리우스,이 말을 기억하라. 즉 행복된 생활을 영위하기 위해선 별로 필요한 것이 없다는 것을. 아무리 사소한 일에 있어서의 성공이라 할지라도 만족하라. 그리고 비록 그러한 성과라도 결코 경시할 것이 아니다.,"['행복', '성공', '만족', '생활']"
앙드레 지드,모든 미덕은 자기 희생에 의해서 완성된다.,"['미덕', '덕(virtue)', '희생']"
탈레스,누가 행복한가. 그것은 건강하고 돈이 있고 학식이 있는 사람이다.,"['행복', '돈(money)']"
소포클레스,가장 행복된 생활은 너희가 슬퍼하고 기뻐하길 배우기 전의 무지에 있다.,"['행복', '무지']"
러스킨,"남의 불행 위에 자기의 행복을 만들지 말라. 나에게나 남에게나 따스한 온도가 통하는 것이 진실이다. 행복은 진실하기를 요구하며, 진실 그 자체는 행복이 아니라도 적어도 가까운 곳에 있는 것이다.","['행복', '진실']"
아나톨 프랑스,"이 세상의 참다운 행복은 남에게서 받는 것이 아니라 내가 남에게 주는 것이다. 그것이, 물질적인 것이든 정신적인 것이든, 인간에게 있어서 가장 아름다운 행동이기 때문이다.","['행복', '베풂']"
보브나르그,희망은 재산가운데서 가장 유익한 것이거나 아니면 가장 해로운 것이거나 그 어느편에 속하기 마련이다.,"['희망', '재산']"
영국 속담,행운은 한 번쯤 누구에게나 찾아온다.,['행운']
리히텐베르크,"욕망을 적게 가지면 가질수록 그만큼 행복해질 것이라는 말은 예로부터 내려오고 있으나, 그러나 그것은 매우 어긋난 진리이다.","['욕망', '행복']"
R. 후고,불행 속에서도 위대할 수 있다는 것. 그것은 행복이다.,"['행복', '불행']"
공자,옳은 일임을 알고 행하지 않는 것은 용기가 없는 것이다.,"['행동', '용기']"
포드,희망은 영원히 인간의 가슴속에 솟아 난다. 인간은 언제나 당장 행복할 수는 없다. 인간의 행복이란 항상 앞으로 전진하며 탐구하는데 있다.,"['희망', '행복', '탐구']"
페스탈로치,가진 것이 없다는 것은 신에 접근하는 것이다. 사람이 가난하면 감격하기 쉽다. 그것은 그 마음이 비고 겸허하기 때문이다. 가진 것이 없고 늘 부족하게 지낸다는 그 자체가 가난한 사람으로 하여금 겸허하게 하고 감격케 하는 것이다.,['가난']
호돈,이 세상의 행복은 그것이 찾아 올 때는 전혀 우연히 찾아 온다. 그러나 행복을 추구하려면 우리들은 기러기를 쫓는 것과 같아서 결코 손안에 넣을 수 없는 것이다.,['행복']
라 로슈푸코,희망이란 도대체 만들 수 없는 형상이다. 그러나 희망이란 단 한 가지 평탄한 길을 거쳐 인생의 종착역까지 갈 수 있게 해 주는 것이다.,['희망']
와다나베 쇼이치,생활의 순도를 높이기 위해서는 축복하는 마음을 가져야 한다. 축복하는 마음이란 간단히 말해서 질투심의 반대이다.,"['축복', '마음']"
영국 속담,자기 스스로를 행복하다고 생각하는 사람은 행복하다.,"['행복', '자기자신']"
힐티,인간의 행복의 대부분은 끊임 없이 계속되는 일과 그것에 의거한 축복으로써 이루어진다. 그리고 그것이 마지막에 가서는 일을 유쾌한 것으로 변하게 한다. 인간의 마음은 진정한 일거리를 발견했을 때처럼 유쾌한 기분이 드는 때는 없다. 제군들이 행복하기를 바라거든 먼저 일을 시작하라.,"['행복', '일(work)']"
몽테뉴,"이 세상에 오래 지탱하는 것은 없다. 커다란 기쁨도 다음 순간에는 이미 생기를 잃고 또 다음 순간에는 더욱 그것이 희박하게 되며, 결국은 자기도 모르는 사이에 흔적마저 없이 된다. 그것은 마치 물위에 생긴 파문이 마침내 평범한 물 표면으로 휩쓸려 들어가는 것과 마찬가지이다.","['인생살이', '기쁨']"
벤자민 프랭클린,행복하게 되기 위해서는 두가지 길이 있다. 욕망을 줄이거나 소유를 늘리거나 하는 것이다. 어느 편이든 좋다.,"['행복', '욕망', '재산']"
세르반테스,근면은 행복의 어머니.,"['근면', '행복']"
C. 힐티,"시간을 버는 가장 우수한 방법은 일주 6일, 일정한 주간 시간에 규칙있게 일하는 것이다.","['시간', '일(work)']"
빌헬름 뮐러,어리석은 사람은 조금만 따뜻해져도 오래도록 입고 있던 겨울 옷을 집어 던진다. 행복의 먼동이 틀때야 말로 불행했을 때의 좋은 벗을 잊어서는 안 된다.,"['우자', '친구']"
고리키,어떤 강제로는 우리는 결코 행복해질 수 없다.,"['행복', '강제']"
괴테,"완전은 하늘의 척도이며, 완전에 도달하려는 희망은 인간의 척도이다.","['완전', '신(god)', '인간']"
오든,시간에 속지 말라. 시간을 정복할 수가 없다.,"['시간', '정복']"
대학,"날로 새로워지고, 나날이 새로워지고, 또 날로 새로워지리라.","['인생살이', '향상']"
니체,갈망은 행복이다. 행복으로서 포만은 갈망의 최후의 순간이다.,"['갈망', '포만', '행복']"
A. 테니슨,"시간에는 오늘이 없고, 영겁에는 미래가 없고, 영원에는 과거가 없다.",['시간']
A. 토인비,"인간의 소망에는 개체적이며, 사적인 소망을 갖고 있다. 그러나 그는 인류 전체 혹은 그일부(종족이나 가족, 아니면 교회 등)를 위한 초 개인적 소망도 동시에 지니고 있다.",['소망']
롱펠로,기쁨과 절제와 안전이 있는 사람에게는 의사가 필요치 않다.,"['건강', '기쁨', '절제']"
토마스 아 켐피스,보다 많이 가지려는 것보다 보다 적게 바라는 정신을 가져라.,"['정신', '인생살이', '욕심', '소유']"
바론 리튼,"생각하는 것이 인생의 소금이라면, 희망과 꿈은 인생의 사탕이다. 꿈이 없다면 인생은 쓰다.","['꿈(dream)', '희망', '생각', '인생']"
에셴바흐,우리들이 나이를 먹게 되면 젊을 때의 행복보다도 그 때 품고 있던 소망이 한층 더 그립게 여겨지는 법이다.,"['나이', '행복', '소망']"
헬렌 켈러,"행복의 한쪽 문이 닫히면, 다른 쪽 문이 열린다. 그러나 흔히 우리는 닫혀진 문을 오랫동안 보기 때문에 우리를 위해 열려 있었던 문을 보지 못한다.",['행복']
마크 트웨인,슬픔은 혼자서 간직할 수 있다. 그러나 기쁨이 충분한 가치를 얻으려면 기쁨을 누군가와 나누어 가져야 한다.,"['슬픔', '기쁨']"
루루,"행복한 사람이 갖는 불행이란 절망뿐이며, 불행한 사람이 갖는 행복이란 희망을 갖는 일이다.","['행복', '불행']"
영국 속담,제일 많은 시간을 가진 사람이라도 낭비해서 좋은 시간은 조금도 없다.,['시간']
베르길리우스,행운은 용기 있는 자에게 편든다.,"['행운', '용기']"
홍자성,마음이 어진 사람은 비록 조그만 집에 살아도 행복할 수 있다. 마음이 악한 사람은 비록 고래등 같은 큰 집에 살며 호의 호식해도 불행한 사람이다.,"['행복', '불행', '마음', '집(house)']"
러셀,힘 드는 일을 훌륭하게 완수했을 때의 행복감은 정말로 큰 것이며 태만한 사람이 그러한 경험을 하리라고는 생각하지 않는다.,"['행복', '일(work)', '성취', '게으름']"
괴테,어떠한 일에 대해서든지 희망을 갖는다는 것은 절망하기보다는 낫다. 가능한 것의 한계를 잰다는 것은 아무도 할 수 없는 일이니까.,"['희망', '절망']"
코체부,희망은 인생의 유모이다.,['희망']
구약 여호수아 서,마음을 강하게 하라. 담대히 하라.,"['인생살이', '마음']"
스탕달,행복이 무엇보다도 클 경우에 미소와 눈물이 생긴다.,"['행복', '눈물', '미소']"
로렌스 굴드,"질투심이 많은 사람은 적어도 행복된 조건에서 이탈한 사람이다. 질투라는 것은 자기가 가진 것에 대해서 즐거움을 찾지 않고, 남의 소유물에 대해서 괴로워하는 기분이다. 행복은 자기가 지배할 수 있는 자기 소유권 내의 물건을 사랑할 수 있는 사람의 것이다. 남의 주머니에 든 물건을 탐내지 않는다는 것이 행복의 중요한 조건이다.","['질투심', '행복']"
세네카,미래를 염려하는 마음은 불행하다.,"['불행', '미래']"
마르티알리스,기쁨은 머물러 있지 않고 날개를 펼쳐 날아가 버린다.,['기쁨']
M. 몽테를랑,여자들은 자기가 사랑을 받고 있음을 느끼면 백발이 될 때까지도 어린애 같은 기쁨을 느끼는 법이다.,"['여자', '사랑']"
괴테,"사람이 소망하던 것을 이룰 때처럼, 그동안 바라던 마음이 멀리 떨어져 나가는 일은 없다.","['소망', '성취']"
모로아,"소망대로의 행복을 얻지 못한 지난날을 버리고, 진실로 자기를 위한 길을 찾고자 하는 희망이야말로 재생할 수 있는 사람만이 가지는 매력이다.",['희망']
에머슨,지식과 용기는 위대한 일을 성취한다. 이 두 가지가 인간을 영원한 존재로 만든다.,"['지식', '용기', '인간']"
러시아 속담,희망의 왕국에는 겨울이 없다.,['희망']
벤자민 프랭클린,인생을 사랑하느냐? 만일 사랑한다면 시간을 낭비하지 말라. 시간은 인생을 이루는 요소이다.,"['시간', '하루', '인생']"
영국 격언,행운은 여간해서 계속해서 오지는 않는다.,['행운']
요한 폰 헤르더,짧은 인생! 위대한 희망! 행복은 허무하고 불행은 오래 간다.,"['행복', '불행']"
윌리엄 블레이크,대개 행복하게 지내는 사람은 노력가이다. 게으름뱅이가 행복하게 사는 것을 보았는가! 노력의 결과로서 오는 어떤 성과의 기쁨 없이는 누구나 참된 행복은 누릴 수 없기 때문이다. 수확의 기쁨은 그 흘린 땀에 정비례하는 것이다.,"['행복', '노력', '게으름']"
소크라테스,아무것도 바라지 않는 때가 최고의 행복이다. 극히 작은 것 밖에 바라지 않을 때가 그 다음가는 행복이다.,"['행복', '무욕']"
로거우,"모든 참된 행복은 진리와 더불어 있고, 모든 참된 기쁨도 진리와 더불어 있다. 진리가 떠나는 날, 행복도 기쁨도 우리 곁을 떠난다.","['행복', '진리']"
스코트,소심하고 망설이기를 일삼는 인간은 아무 일도 할 수 없다. 왜냐하면 그에게는 일체의 일이 불가능하게 보이기 때문이다.,"['소심', '망설임']"
그라샨,순풍에 돛을 단 것과 같은 행운은 항상 위태위태한 듯한 느낌을 준다. 행운은 드문 드문 찾아올 때가 보다 더 안전한 것 같다.,['행운']
채근담,행복은 구해서 얻어지는 것이 아니다. 유쾌하게 살아서 복을 부르는 수 밖에 없다. 불행은 피할 수가 없다. 타인을 해하려는 마음을 없애고 불행에서 떨어져 가는 수 밖에 없다.,"['행복', '불행']"
베르그송,"무한의 가능성을 지닌 미래에 대한 생각이, 미래 그 자체보다도 더 중요하다. 소유보다 희망에, 현실보다 꿈에 더 많은 매력이 있는 것이다.","['미래', '희망', '꿈(dream)']"
힐티,사람이 의식하기 시작한 최초의 시각부터 의식이 사라질 때까지 가장 열심히 구하여 마지 않는 것이 뭐니 해도 행복의 감정이다.,['행복']
B. 그라시안 이 모랄레스,오래 지속되는 행운은 어떻든 수상하다.,['행운']
힐티,행복이란 말에는 무언지 우울한 가락이 있다. 그것을 입에 담을 때 이미 그것은 도망해 버리고 있다.,['행복']
테오프라스토스,시간은 인간이 쓸 수 있는 가장 값진 것이다.,['시간']
풀러,바보는 그저 방황하고 현명한 사람은 여행을 떠난다.,"['여행', '인생살이']"
에머슨,희망은 앞을 헤아릴 수 없는 상황이 아니면 결코 그 아름다운 날개를 펴지 않는다. 미래가 불투명한 상황에서 희망은 드디어 빛을 발한다. 앞을 헤아릴 수 없는 상황에 직면할 때 더욱 더 희망을 신뢰하자.,"['희망', '미래']"
아리스토텔레스,"그릇이 큰 사람은 남에게 호의와 친절을 베풀어 주는 것을 자기의 기쁨으로 깨닫는다. 그리고 자기가 남에게 의지하고 남의 호의를 받는 것을 부끄럽게 생각한다. 즉 내가 남에게 베푸는 친절은 그만큼 내가 그 사람보다 낫다는 표적이 되지만, 남의 친절을 바라고 남의 호의를 받는 것은 그만큼 내가 그 사람보다 못하다는 의미가 되는 까닭이다.","['호의', '친절']"
후한서,남아는 사중에서 활을 얻어야 한다. 앉아서 궁할소냐?,"['남아', '남자']"
에머슨,"오락은 꽃이요, 실무는 뿌리이다. 꽃의 아름다움을 즐기려면 뿌리를 튼튼히 하지 않으면 안 된다.","['실무', '오락', '꽃']"
번즈,쾌락은 펼쳐진 양귀비 같아서 꽃을 쥐면 핀 꽃은 시든다. 또 쾌락은 강에 떨어지는 눈과 같아서 한 순간은 희지만 그 다음에 영원히 녹아 버린다.,['쾌락']
랄프 왈도 에머슨,"영웅은 보통 사람보다 용기가 있는 것이 아니며, 다만 오 분쯤 더 용기가 지속될 따름이다.","['영웅', '용기']"
러셀,모든 인간관계에 있어 한쪽만이 행복을 붙잡기란 쉬운 일이다. 그러나 양쪽에서 이를 확보하는 일이란 어려운 일이다.,"['인간관계', '행복']"
클레망소,행운은 눈먼 장님이 아니다. 대개 부지런한 사람을 찾아간다. 걷는 자 만이 앞으로 나아갈 수 있다.,"['행운', '근면']"
버나드 쇼,여자의 기쁨은 남자의 자만을 다치게 하는 일이다.,"['여자', '남자']"
파스칼,무엇이든지 풍부하다고 반드시 좋은 것은 아니다. 더 바랄 것이 없이 풍족하기로 그만큼 기쁨이 큰 것은 아니다. 모자라는 듯한 여백! 그 여백이 오히려 기쁨의 샘이다.,"['풍족', '기쁨', '여백']"
웰링턴,"무서움을 알고, 그래도 그것을 무서워하지 않는 자야말로 진정한 대용자이다.","['무서움', '용자']"
노신,"자기 만족을 하지 않는 인간이 많은 인종은, 영원히 전진하고 영원히 희망을 갖는다.","['만족', '인종']"
도스토예프스키,돈이 있어도 최고의 이상이 없는 사람은 조만간 몰락의 길을 밟는다.,"['돈(money)', '이상(ideal)']"
라 로시푸코,행운을 지속하기 위해서는 악운을 견디어 가는 이상의 큰 용기가 필요하다.,"['행운', '용기']"
탈레스,희망은 가난한 자의 빵이다.,"['희망', '가난']"
파스칼,"불행의 원인은 늘 나 자신이다. 몸이 굽으니 그림자도 굽다. 어찌 그림자 굽은 거을 한탄할 것인가! 나 외에는 아무도 나의 불행을 치료해 줄 사람은 없다. 불행은 내 마음이 만드는 것과 같이, 불행도 내 자신이 만들 뿐이요, 또 치료할 수 있을 뿐이다. 내 마음을 평화롭게 가져라! 그러면 그대의 표정도 평화롭게 화애로워 질 것이다.","['불행', '마음']"
나폴레옹,사치한 생활에서 행복을 구하는 것은 마치 태양을 그려놓고 빛이 비치기를 기다리는 것이나 다름이 없다.,"['행복', '사치', '명예']"
J. 릴리,정직을 잃은 자는 더 이상 잃을 것이 없다.,['정직']
러시아 격언,행복은 운반하기 어려운 혹이다.,['행복']
마르티네스 데 캄포스,"나의 의견으로는 행, 불행은 생물학적 현상이며, 행복한 사람이란 최소의 힘을 들여 최대의 긴장을 풀 수 있는 사람을 말한다.","['행복', '불행']"
킨 허바드,무엇이 행복을 주는지 말하기는 꽤 어렵다. 가난도 부도 둘 다 지금껏 실패했으니까.,"['행복', '가난', '부(wealth)']"
토마스 아 켐피스,천상의 기쁨은 소박하다. 거기에는 평화가 넘치고 있기 때문이다.,"['기쁨', '평화']"
라 로시푸코,행복한 사람은 절제가 있다. 또 그러한 절제는 행복으로 인해 편안하고 고요한 기분 때문에 생기기 마련이다.,"['행복', '절제']"
대커리,훌륭한 유머는 사람이 사회 생활에서 입을 수 있는 가장 훌륭한 의복의 하나다.,['유머(humor)']
체호프,행복한 사람은 불행한 사람이 말없이 자신의 무거운 짐을 짊어지고 걷고 있기 때문에 행복을 즐기고 있는 것이다. 이 불행한 사람의 침묵이 없었던들 행복 따위가 있을리 만무하다.,"['행복', '불행']"
올더스 헉슬리,행복이라는 것은 코크스와 같은 것이어서 어떤 다른 물건을 만드는 과정에서 생산되는 부산물이다.,['행복']
호라티우스,사람들은 행복을 찾아 세상을 헤맨다. 그런데 행복은 누구의 손에든지 잡힐 만한 곳에 있다. 그러나 마음속에 만족을 얻지 않으면 행복을 얻을 수 없다.,"['행복', '마음', '만족']"
알랑,"야심가라는 사람들은 희한한 행복이 굴러 들어 올 것이라는 생각으로써 항상 무엇인가 뒤를 쫓아 다니고 있다. 하지만 그의 중요한 행복은 분주하다는 그 사실이다. 그래서 무슨 실망하는 일이 있어서 불행한 때에도, 그는 자기의 불행에 대해서 오히려 행복을 느끼고 있는 것이다. 그것은 그 실망, 그것은 요법으로 생각하고 있기 때문이다.","['야심가', '행복']"
셰익스피어,불행을 고치는 약은 이제 소망밖에 없다.,"['불행', '소망']"
발자크,"청춘이라고 하는 것은 대개의 경우, 한개의 콤파스를 가지고 미래를 측정하는데 기쁨을 느낀다. 그들의 의사가 대담하게 벌어진 콤파스의 각도와 균형을 이룰 때 세계는 그들의 것이다.",['청춘']
아리스토텔레스,행복은 자주(自主) 자족(自足)속에 있다.,['행복']
이나 디아스,"행복을 널리 퍼뜨리는 방법은 단 하나, 그것을 어떤 사람고 나눠 갖는 것이다.",['행복']
법구경,정직해야 된다. 그러나 내가 정직한 탓으로 남이 손해를 보는 정직은 오히려 허위보다 못한 정직이다.,
행복해야 된다. 그러나 내가 행복한 까닭에 남이 해를 받는 행복은 오히려 불행보다도 못한 행복이다.,"['정직', '행복']",
주베르,"쾌락은 육체 속에 느끼는 한 조각의 행복에 지나지 않는다. 참다운 행복, 유일한 행복, 완전한 행복은 언제나 평온한 정신 속에 깃든다.","['쾌락', '육체', '행복']"
S. 존슨,희망이 없으면 노력이 없다.,"['희망', '노력']"
도스토예프스키,인간은 자기가 행복하다는 것을 알지 못하기 때문에 불행한 것이다.,"['행복', '불행', '자기자신']"
서양 격언,모든 사람은 자기의 행복을 만들어 내는 대장장이다.,['행복']
베토벤,남을 위해 일을 할 수 있었다는 것은 어린 시절부터의 나의 최대의 행복이었으며 즐거움이었다.,"['행복', '봉사', '즐거움']"
D. 제럴드,행복이란 우리의 화롯가에서 생기는 것이지 남의 정원에서 따오는 것은 아니다.,"['행복', '자기자신', '가정']"
채근담,욕심이 많은 자는 돈을 주어도 돈보다 귀한 옥을 주지 않았다고 불만히 여긴다. 이러한 사람은 옥을 주면 그 수효가 작다고 또 탓할 것이다. 자족할 줄 모르는 사람에게는 무엇을 주나 늘 부족하다. 이것은 그 근성이 걸뱅이나 다름 없다. 걸뱅이는 무엇을 주나 좀더 얻고 싶어 한다. 마음이 풍족하면 비록 헝겁 누더기를 입고도 따뜻하게 생각하고 나물반찬으로 밥을 먹어도 맛있다고 하는 법이다. 인생을 즐기고 풍족하게 사는 점에서 이 사람은 왕후 귀족보다 풍족한 사람이다.,"['욕심', '인생', '마음']"
에머슨,하나하나 소비할 수 있는 걸로 생각하고 싶어한다. 이것은 잘못이다. 사람은 앞으로 나아가는 것이지 한군데 앉아있으라는 것이 아니다. 앞으로 나아가는 사람에게는 행복이 따르고 멈추는 사람에게는 행복도 멈춘다.,"['전진', '행복', '사람']"
인도 명언,"기쁨에서 모든 생물이 태어나고, 기쁨으로써 모든 생물이 살고, 기쁨을 향해 모든 것이 나아가고, 기쁨에게 모든 것이 돌아 간다.",['기쁨']
플로베르,이상은 태양과 같은 것이다. 그것은 이 땅 위의 모든 먼지를 자기 앞으로 흡수해 버린다.,['이상(ideal)']
서양 격언,쾌락은 근면의 결과이며 보수이다.,"['쾌락', '근면']"
세르반테스,재산보다는 희망을 욕심내자. 어떤 일이 있어도 희망을 포기하지 말자.,"['희망', '재산']"
유베날리스,마음속의 재판에서는 죄인 한 사람도 용납이 되지 않는다.,['재판']
사기,세월을 헛되이 보내지 말라. 청춘은 두 번 다시 오지 않는다.,"['청춘', '세월']"
톨스토이,욕망이 작으면 작을수록 인생은 행복하다. 이 말은 낡았지만 결코 모든 사람이 안다고는 할 수 없는 진리이다.,"['욕망', '욕심', '행복', '인생']"
니체,"남자의 행복은 「내가 하고 싶다」이고, 여자의 행복은 「그가 하고 싶어 한다」이다.","['행복', '남자', '여자']"
앙리 드 레니에,설사 늦더라도 멈추어 서서 시간을 보지 말아라.,"['늦음', '지각', '시간']"
성 프란시스,"뜨겁다고 푸념하고 괴로워하지 마라. 가난하다고 고통으로 생각하고, 슬퍼하지 마라! 뜨겁더라도 뜨겁다고 괴로워하는 마음을 없애면 절로 선풍이 분다. 뜨겁다고 괴로워 한다고 뜨거운 것이 시원해 지지는 않는다. 가난하다고 슬퍼하기로 가난한 것이 없어 지지는 않는다. 슬퍼하지만 않는다면 가난한 것도 즐겁다.
보라! 신이 만드신 이 샘물가에서 얻은 한 모금의 물과 자비심 있는 사람에게서 얻은 한쪽으 빵과 그리고 별이 반짝이는 하늘을 천정으로 삼은 이 잠자리 이외에는 아무것도 가진 것이 없다는 그것의 즐거움을…….",['가난']
항우,힘은 산을 뽑고 기상은 세상을 덮을 만하다.,"['힘(power)', '기상']"
아우구스티누스,"따뜻한 마음은 이를 주는 사람이나 받는 사람이나 다 같이 행복하다. 만약 임금에게 자비심이 있다면, 그것만으로도 오히려 그의 머리의 금관보다 빛날 것이다.","['자비심', '행복']"
윌리엄 셰익스피어,"위대함을 두려워 말라. 어떤 사람은 위대하게 태어나고, 어떤 사람은 위대함을 성취하며, 그리고 어떤 사람들은 그들에게 위대함을 떠맡긴다.",['위대함']
스코틀랜드 속담,위험 없이는 기쁨이 없다.,"['기쁨', '위험']"
괴테,"처음으로 아는 기쁨, 소위 발견하는 기쁨은 누구든지 위로부터 빼앗을 수는 없다. 그러나 우리가 그에 의하여 명예를 얻고 싶다고 바란다면 그 기쁨은 거의 방해를 받을 것이다. 왜냐하면 우리는 대부분의 경우 최초의 사람이 아니기 때문이다.","['앎', '기쁨']"
루소,"양심이여! 양심이여! 신성한 본능이여, 영원한 하늘의 소리여, 무지에 둘러싸인 총명하고 자유로운 인간의 믿음직한 안내자여! 인간을 하나님과 닮게 하며, 선과 악에 대하여 과오를 범함이 없는 심판자여! 인간의 본성을 탁월하게 하며, 인간의 행위를 도덕에 따르게 함은, 바로 너인 것이다.",['양심']
O. 홈즈,"젊음은 시들고, 사람은 스러지며, 우정의 나뭇잎은 떨어져도 어머니의 비밀어린 희망은 살아남는 것이다.",['어머니']
버트런드 러셀,만약 모든 것을 철학적으로만 따지는 인간이라면 『인생은 어리석기 짝기 없는 것이다. 왜냐하면 자기가 바라는 것을 모조리 차지한 인간이 조금도 행복하지 않기 때문이다.』라고 결론을 내릴 것이다. 그러나 그 작자는 바라는 것을 모조리 가질 수 없다는 것이 행복에게는 빼놓을 수 없는 요소의 하나임을 전혀 잊어버리고 있는 것이다.,"['행복', '부족함']"
존 스튜어트 밀,나는 지금까지 자기의 욕망을 충족시키려고 힘쓰는 것보다는 오히려 그것을 제한함으로써 행복을 구하는 것을 배워왔다.,"['욕망', '행복']"
쇼펜하우어,온갖 제한이 사람을 행복하게 한다. 우리들의 시계나 활동 영역 혹은 접촉 범위가 좁으면 좁을수록 그만큼 더 우리들은 행복하다. 반대로 그것들이 넓으면 넓을수록 그만큼 더 우리들이 괴로와하고 애태우는 도수가 더해 간다.,"['제한', '행복', '사람환경']"
G. 프룬스베르크,적이 많으면 많을수록 행복도 크다.,"['적(enemy)', '행복']"
페르시아 속담,옷은 세탁할 수 있지만 양심은 세탁할 수가 없다.,['양심']
칼멘 실봐,행복은 산울림과 같다. 당신에게 대답을 하면서 찾아오지는 않는다.,['행복']
니체,세상에는 우리의 침울한 두 눈으로 발견할 수 있는 이상의 행복이 있는 법이다.,['행복']
체호프,참다운 행복은 고독이 없이는 있을 수 없다. 타락한 천사가 신을 배반한 것도 천사들이 알지 못하는 고독을 바랐기 때문일 것이다.,"['행복', '고독', '신(god)', '천사']"
스위프트,"환희는 짧고 무상한 것이며, 쾌활은 정착되어 항구적이다.","['환희', '쾌활']"
쇼펜하우어,모든 사람에게는 태어나면서 지닌 과실이 한가지씩 있다. 그것은 우리들이 행복을 위해 태어났다고 믿는 일이다.,"['행복', '믿음']"
웨인,사랑이란 양심이 무엇인가를 알기엔 너무 젊다. 그러나 양심이란 사랑의 산물임을 모를 사람이 누군가?,"['사랑', '양심']"
H. 필딩,양심이야말로 우리가 갖고 있는 것 중에서 유일하게 매수가 안되는 것이다.,"['양심', '매수']"
영국 속담,양심은 영원한 축일(祝日)이다.,['양심']
구약 잠언,"악인은 쫓아오는 자가 없어도 도망하나, 의인은 사자같이 담대하니라.","['악인', '의인']"
T. 타소,현명하고 용감한 사람은 자신의 행운의 건축가이다.,"['행운', '용감', '용자']"
장 드 라브뤼예르,"만약 인생이 불행하다면 우리는 그 괴로운 짐을 벗어 버리려고 애쓴다. 반대로 만약 인생이 행복하다면 그것을 잃어버릴까 겁을 낸다. 깊이 생각하면, 행복이고 불행이고 마음에 부담이 되는 점은 일반이다.","['인생', '행복', '불행', '마음']"
리오 에이크먼,낮에는 너무 바빠서 걱정할 틈이 없고 밤에는 너무 졸려서 걱정할 틈이 없는 사람은 축복받는 사람이다.,"['걱정', '사람', '인생살이']"
월터 스코트,기쁨이 없는 인생은 기름이 없는 램프다.,"['기쁨', '인생']"
빌헬름 뮐러,불행을 극복하는 것은 행복을 지배하기보다 쉽다.,"['불행', '행복']"
셰익스피어,과거를 변명하면 그 과거를 드러나게 한다.,"['과거', '변명']"
J. 플레,"희망은, 희망을 갈망하여 추구하는 사람을 결코 외면하지 않는다.",['희망']
쇼펜하우어,"명예는 밖에 나타난 양심이며, 양심은 안에 잠기는 명예이다.","['양심', '명예']"
메난드로스,양심은 우리 내면에 있는 하느님의 음성이다.,"['양심', '하느님', '신(god)']"
체호프,일을 하지 않으면 안된다. 살아간다는 행복의 뜻도 모두 그 안에 포함되어 있다.,"['일(work)', '행복', '삶']"
토마스 아 켐피스,보다 많이 갖는 것보다는 보다 적게 바라는 것을 언제나 택하라.,"['선택', '소유']"
세네카,운명은 부를 빼앗아 갈 수 있으나 용기를 빼앗아 갈 수 없다.,"['운명', '용기', '부(wealth)']"
이순신,"병법에 이르기를 반드시 죽으려 하면 살고, 살려 하면 반드시 죽는다고 했고, 또 한 사람이 길목을 지키면 천 명도 두려울 것이 없다고 하였으니 이는 우리를 두고 하는 말이다.","['병법', '삶', '죽음']"
A. W. 슐레겔,이상의 샘은 영원을 향한 끊임 없는 갈망이며 신을 향한 동경이다. 따라서 우리들의 천성이 가지는 가장 고귀한 것이다.,"['이상(ideal)', '천성']"
셰익스피어,곤궁한 사람에게 마시게 할 약은 오직 희망뿐이다. 부유한 사람에게 마시게 할 약은 오직 근검뿐이다.,"['희망', '근검', '부자', '빈자', '가난']"
헤겔,보다 높은 이상이 없었더라면 인류는 쉬지 않고 일하는 개미 떼와 무슨 차이가 있을 것인가.,"['이상(ideal)', '인류', '인간']"
에디슨,"내가 처세하는 신조는 일하는 것이다. 특히 자연계의 신비를 구경하고, 인류의 행복에 이바지하려는 일이다. 만물을 밝게 보며, 인류의 행복을 찾는 것이다.","['처세', '신조']"
생트 뵈브,그들의 행복을 이루어 준 것이 그들의 고통이 된다.,"['행복', '고통']"
에픽테토스,불안스러운 마음으로 풍부하게 사느니보다도 나는 두려움과 걱정이 없이 부족한 생활을 하는 것이 오히려 행복하다.,"['마음', '행복']"
헬렌 켈러,희망은 사람을 성공으로 이끄는 신앙이다. 희망이 없으면 아무 것도 성취 할 수 없다.,"['희망', '성공', '신앙', '인간']"
퀸틸리아누스,양심은 천 명의 증인에 맞먹는다.,['양심']
괴테,희망은 불행한 인간의 제2의 영혼이다.,"['희망', '불행']"
바그너,여행과 변화를 사랑하는 사람은 생명이 있는 사람이다.,"['사람', '여행', '변화']"
페릭스 바이세,행운이 재산을 주는 자에게는 걱정도 또한 준다.,"['행운', '재산', '걱정']"
로버트 프로스트,모자라는 부분을 채워가는 것이 행복이다.,"['행복', '채움']"
도스토예프스키,인간에게는 행복 이외에 그것과 같은 정도의 불행이 항상 필요하다.,"['인간', '행복', '불행']"
J. T. 트로브릿지,행복은 보상에 있지 않다. 노력하는 힘 속에서 찾아진다.,"['행복', '노력']"
카뮈,"우리는 우리의 슬픔을 느끼며, 그로 인해서 우리는 더욱더 자신을 사랑하게 된다. 그렇다. 행복이란 아마 그런 것일 터이다. 이를테면 우리의 불행을 불쌍히 여기는 마음 그것일터.","['행복', '불행', '마음']"
플루타르크,"시간은 모든 권세를 침식하고 정복한다. 시간은 가만히 기회를 노리고 있다가 이를 포착하는 자의 벗이며, 때가 아닌데 조급히 서두는 자에게는 최대의 적이다.",['시간']
니체,너의 양심은 무엇을 말하고 있는가? 본래의 너 자신이 되라.,"['양심', '자기자신']"
아우구스티누스,"양심과 명성은 두 개의 사물이다. 양심은 너희 자신에게 돌려야 할 것이고, 명성은 너희 이웃에 돌려야 할 것이다.","['양심', '명성']"
빈데르반트,지상에 있어서의 생활과정에서 행복과 불행의 분배는 윤리와는 관계없이 행하여지고 있는 것이 사실이다.,"['행복', '불행', '윤리']"
글라임,남을 복되게 하여 주면 자기의 행복도 한층 더해진다.,"['행복', '베풂']"
조지프 애디슨,진정한 행복은 은퇴적인 것이며 화려함과 소음과는 적이다. 그것은 첫째 자기 자신의 즐거움으로부터 나오며 그 다음으론 우정과 몇 사람의 절친한 지기와의 대화에서 온다.,['행복']
A. 포우프,희망은 영구히 인간의 가슴에 솟아난다. 인간은 언제나 현재 행복하다고는 할 수 없으며 언제나 앞으로 행복해지는 것이다.,"['희망', '행복']"
구약 욥기,내가 내 의를 굳게 잡고 놓지 아니하리니 일평생 내 마음이 나를 책망치 아니하리라.,"['의지', '책망']"
넬슨,"곤란한 위험이 닥쳐왔을 때야말로, 더욱 굳은 결심을 하고 용기를 내야 한다.","['곤란', '위험']"
라 로슈푸코,"사람은 자기가 행복되기를 원하는 것보다 남에게 행복하게 보이기를 더 애를 쓴다. 남에게 행복하게 보이려고 애쓰지만 않는다면, 스스로 만족하기란 그리 힘드는 일이 아니다. 남에게 행복되게 보이려는 허영심 때문에 자기 앞에 있는 진짜 행복을 놓치는 수가 많다.","['행복', '허영심']"
포이에르바하,불행할 때 하느님의 도움으로 위로를 받는 사람들보다도 행복할 때에 하느님의 도움을 필요로 하는 사람을 나는 한층 더 존경한다.,"['불행', '행복', '하느님', '신(god)']"
영국 속담,양심은 죄의 고발자이다.,"['양심', '죄(sin)']"
레이디 메리 워틀리 몬터규,풍자는 날카롭게 번쩍이는 면도날처럼 거의 느껴지지도 보이지도 않는 접촉으로 상처를 주어야 한다.,['풍자']
A. 아우구스티누스,아무도 묻지 않을 때라면 나는 시간이 무엇인지를 안다. 하지만 누가 시간이 무엇이냐고 물을 때면 나는 모른다.,['시간']
파스칼,진리에게 설복 당하기를 두려워 하는 자보다 더 불행한 인간은 이 세상에 없다.,"['진리', '불행']"
버트런드 러셀,불행한 인간이란 것은 잠자는 것이 서투른 사람이 불편을 자랑거리로 삼는 것과 같이 항상 자기가 불행하다는 사실을 자랑 삼고 있다.,"['불행', '인간']"
버틀런드 러셀,행복한 생활이란 대체로 고요한 생활이어야 한다. 왜냐하면 고요하다는 그 분위기 속에서만이 참다운 환희가 살아날 수 있기 때문이다.,"['행복', '생활']"
죤 호스텔,모든 만족은 괴로움을 지불함으로써 얻게 된다. 만족의 그 대금은 이전에 다 지불되어 있는 것이다. 허위의 만족은 나중에 그 대금을 지불하게 되는 법이다.,"['만족', '괴로움']"
겔레루프,마음의 만족을 얻고자 하거든 엄격하게 자기를 극복하는 기술을 배우라. 지위도 재산도 인간에게 만족을 주지는 않는다.,"['만족', '자기극복']"
안병욱,"행복과 불행은 같은 지붕 밑에 살고 있으며, 번영의 바로 옆방에 파멸이 살고 있고, 성공의 옆방에 실패가 살고 있다.","['행복', '불행', '성공', '실패']"
괴테,"기쁨에는 괴로움이, 괴로움에는 기쁨이 없으면 안된다.","['기쁨', '괴로움']"
디즈레일리,여행은 사람의 마음을 관대하게 한다.,['여행']
러스킨,인간은 신을 부정할 수 있으나 그 양심을 부정할 수는 없다. 그 양심이 곧 신이다.,"['인간', '신(god)', '양심']"
프랭클린,깨끗한 양심은 끊임없는 크리스마스와 같다.,['양심']
페레스,행복과 불운은 인간이라는 돌을 갈기 위하여 자연에게 고용되어 있는 두 사람의 조작사이다.,"['행복', '불운', '운(luck)']"
파스칼,"많은 사람들은 자기의 만족을 잃게 되는 것을 아주 슬픈 일이라고 생각한다. 그러나 기쁨을 아는 동시에 그 기쁨의 이유가 없어진 때, 슬퍼하지 않는 사람만이 옳은 사람이다.","['만족', '기쁨']"
다나카 요시키,"애국심은 미덕의 한 부분이지만, 애국심을 강요하는 건 추악함 그 자체다.",['애국심']
셰익스피어,모든 사람이 다 생명을 존중한다. 그러나 용자는 생명보다 명예를 존중한다.,"['용자', '명예']"
칸트,"항상 생각할수록 더욱 그 감탄이 새로워지고, 경건한 마음을 일으키게 하는 것에 두 가지가 있다. 하나는 밤하늘의 별이고, 다른 하나는 나의 가슴 속에 있는 양심이 그것이다.","['양심', '별(star)', '감탄']"
공자,용자는 두려워하지 않는다.,['용자(勇者)']
비스마르크,인생의 긴급사는 과단성 있게 밀고 나가라. 여기저기 돌아다 보고 주저하는 것은 어리석은 짓이다.,['인생']
카네기,그대가 불쾌한 기분으로 들어가기 때문에 모든 것이 불쾌해지는 것이다. 먼저 유쾌하게 생각하고 행동하라.,"['기분', '행복']"
몽테뉴,"기도는 하늘의 축복을 받고 노동은 땅에서 축복을 파낸다. 기도는 하늘에 차고, 노동은 땅에 차니, 이 둘이 당신의 집에 행복을 실어다 준다.","['기도', '노동', '행복']"
죠지 허벌,그대는 한 필의 말을 개울까지 몰고 올 수는 있다. 그러나 그는 마시고 싶을 때 마시고 싶은 것을 마시리라.,['말(horse)']
엔리케 J. 폰셀라,예술과 마찬가지로 행복도 계산에 의해 성취될 수 있는 것이 아니다.,"['행복', '예술']"
단테,자연은 신의 예술이다.,"['자연', '신(god)', '예술']"
그리스 속담,어떠한 기쁨도 등에는 고통을 업고 있다.,"['기쁨', '고통']"
H. 스펜서,모두가 행복해질 때까지는 아무도 완전히 행복해질 수는 없다.,['행복']
에이브리,번영과 행복은 결코 한데 붙어 다니지 않는다. 행복하게 될 모든 것을 갖고 있는 것 같이 보이는 사람으로 비참하게 지내는 사람이 많다. 행운은 많은 것을 줄 수 있다. 그러나 그 많은 것을 부족치 않게 하는 마음이어야 한다. 내 마음은 내게 왕과 같다. 나는 그 속에서 나를 기쁘게 하는 것을 항상 발견한다.,"['행복', '마음']"
톨스토이,"선의 영광은 그들의 양심에 있지, 사람들의 말에는 없다.","['선(good)', '양심']"
셰익스피어,양심이란 작자는 사람을 마음 약하게 해 버리는 거야. 훔치려고 하면 꾸짖는다. 중상(中傷)하려고 하면 야단한다. 양심이란 작자는 사람의 가슴 속에서 ,
,모반(謀叛)을 일으키는 아주 고약한 자야.,['양심']
영국 속담,좋은 양심은 부드러운 베개다.,['양심']
로버트 루이스 스티븐슨,행복해지는 의무만큼 사람이 존중하지 않는 의무는 없다.,"['행복', '의무']"
앙드레 지드,행복은 대항의 의식 가운데는 없다. 협조의 의식 가운데 있다.,"['행복', '의식', '협조']"
모리악,죽을 때까지 한 마음 속에서 만이라도 깊이 파고 들어갈 수 있다면 그것으로써 행복하다고 생각하지 않으면 안된다.,['행복']
칼라일,이상은 우리 자신 속에 있다. 동시에 이상의 달성을 방해하는 모든 장해도 또한 우리 자신 속에 있다.,"['이상(ideal)', '자기자신']"
타고르,"근육이나 돈의 힘은 눈 앞의 만족을 얻는 기회를 갖고 있지만, 이상의 힘은 무한의 인내력을 갖지 않으면 안된다.","['만족', '이상(ideal)']"
칼라일,"그 어떤 환경, 어떤 생활 속에서도 인간이 찾아야 할 의무와 이상이 있다. 우리가 처해 있는 환경이 매우 불행하고, 보잘 것 없는 것이라 할지라도 그 속에서 우리가 찾아야 할 이상은 있는 것이다. 어려운 환경에서 자기를 떳떳이 향상시키는 것이 우리가 자유를 얻는 길이다.","['이상(ideal)', '자유', '사람환경']"
서머셋 모옴,양심은 개인이 자기 보존을 위해 계발한 사회의 질서를 지키는 수호신이다.,"['양심', '개인', '사회', '질서']"
맹자,"사람들이 벌거숭이 산을 보고 저기에는 본래 나무가 없었다고 하니, 이것이 어찌 산의 본성이겠는가? 이와 마찬가지로 사람의 본성엔들 어찌 양심이란 것이 없을소냐? 사람이 양심을 잃어 버리는 일도 도끼로 나무를 날마다 찍어 내는 일과 흡사한 것이니, 아름다울 수가 있으랴!","['양심', '본성']"
에머슨,사상을 가지며 이상을 갖는다는 것은 영원한 기쁨이며 환희의 꽃이다.,"['사상', '이상(ideal)']"
남이,백두산의 숱한 돌칼을 갈아 다하고 두만강의 푸른 물은 말을 먹여 잦아졌도다. 사나이 스무 살에 나라를 평정하지 못할진대 뒷 세상에서 그 누가 대장부라 일컬으랴!,"['사나이', '대장부']"
에머슨,어떠한 용어를 사용하든 인간은 양심을 속일 수는 없다.,['양심']
하이네,삶의 어두운 길을 인도하는 유일한 지팡이는 양심이다.,"['이성(reason)', '양심']"
괴테,행동하는 자는 항상 양심이 없다. 관찰하는 자 이외에는 누구에게도 양심이 없다.,"['양심', '행동', '관찰']"
장자크 루소,자연은 절대로 우리를 속이지 않는다. 우리를 속이는 것은 언제나 우리 자신이다.,"['속임', '자연', '자기자신']"
영국 속담,"눈에는 보이지 않지만, 우리들의 일거일동을 아는 자가 둘이 있다. 즉 신이요, 즉 양심이다.","['양심', '신(god)']"
괴테,신과 자연을 떠난 행동은 곤란하며 또한 위험하다. 왜냐하면 우리는 자연을 통해서만 신을 인식할 수 있기 때문이다.,"['자연', '신(god)']"
프리드리히 실러,지나치게 숙고하는 인간은 큰일을 성취할 수 없다.,"['성취', '숙고', '생각']"
라 로시푸코,한 번도 위험한 일에 몸을 던져 본 적이 없는 사람은 자기의 용기를 장담할 길이 없다.,"['용기', '위험']"
스위프트,"행복이란, 교묘히 속여지는 상태의 끊임없는 소유이다.",['행복']
위고,"운명은 화강암보다 견고하지만, 인간의 양심은 운명보다도 더 견고하다.","['운명', '양심']"
아우렐리우스,도박에 의하여 행복을 붙잡으려고 하는 것은 신의 법칙을 무시하는 일이다.,"['도박', '행복', '신(god)']"
헤밍웨이,"이상을 지니고 산다는 것은, 성공적인 생활이다. 이상이란 누구나가 지금 하고 있는 일이 아니라, 해 보려고 애쓰는 일이며, 그것으로써 인간은 강해지는 것이다.",['이상(ideal)']
괴테,보람있는 일에 복종하는 것이 인간의 지혜이다. 그 일을 방해하는 것들을 정복해 나가는 것이 곧 생활이다. 정복이 없이는 생활의 내용을 얻지 못한다. 우리의 하루는 정복의 노력으로 빛나야 한다.,"['정복', '생활', '순간']"
에셴바흐,남이 행복하지 않다는 것은 극히 당연한 일처럼 여겨지지만 자기 자신이 행복하지 않다는 것은 좀처럼 납득할 수 없는 법이다.,"['행복', '자기자신']"
A. 헉슬리,우리가 가져야 하는 것은 현실주의와 조화되는 이상주의이다.,"['이상주의', '현실주의']"
톨스토이,완전무결의 경지에 한 걸음이라도 접근하려면 우리는 오직 우리 자신의 노력에 기대할 수밖에 없다.,"['완전무결', '노력']"
포박자,포효하는 자가 반드시 용기 있는 자가 아니다.,"['용기', '포효']"
A. 기터먼,"양심을 팔지 말라, 쇠고랑은 그렇게 해서 만들어진다. 노예란 누구냐, 돈으로 살 수 있는 자가 아니더냐?","['양심', '노예', '돈(money)']"
에케르만,사람은 누구나 다 자기 자신의 일로부터 시작하여 우선 자기 자신의 행복을 이룩하지 않으면 안된다. 그렇게 하면 거기서부터 마침내는 전체의 행복이 생기게 될 것이다.,"['행복', '직업', '일(work)']"
라 퐁텐,불행한 사람을 비웃지 말라. 자기의 행복이 영원할 것이라고 누가 장담할 것인가.,"['불행', '행복']"
발자크,불행 앞에 우는 사람이 되지 말고 불행을 새로운 출발점으로 삼는 사람이 되라.,['불행']
B. 존슨,사람들은 보물을 찾아 헤매고 있다. 어디 가면 노다지가 있을까 하고 눈을 두루 살피고 있다. 그러나 보물은 우리의 눈 앞에 있는 것이다. 현재의 이 시간이 더 없는 보물이다.,"['시간', '보물']"
아우어바흐,자기가 가진 것으로 만족하지 않는 자는 바라던 것을 가지게 되어도 역시 만족하지 않을 것이다.,['만족']
에머슨,틀림없는 독극물은 시간이다.,['시간']
J. 케네디,이어 받은 모든 이상에 대해서 경건한 사의를 표하자. 그리고 신의 가호와 이상을 전세계 동포들과 나눌 결의를 더욱 굳게 하자.,['이상(ideal)']
마르코 폴로,"이상은 별과 같은 것이다. 제군은 제군의 손으로 그것을 만져 볼 수는 없으리라. 그러나 황량한 대양을 항해하는 사람과 같이 제군은 제군의 이상을 길라잡이로서 택하고, 이에 따름으로써 제군의 운명을 결정할 것이다.",['이상(ideal)']
P. 발자크,시기 없는 행복은 없다.,"['시기', '행복']"
채닝 폴럭,행복이란 넘침과 부족함 사이에 있는 중간역이다.,['행복']
덴마크 속담,기쁨도 신열과 마찬가지로 단 하루뿐의 일이다.,['기쁨']
아르놀트 슈미트,모든 재보에서 단 한 가지만을 골라야 한다면 나는 만족을 택하겠다. 행복을 가짐으로써 부러워하는 자들을 괴롭히고 싶지는 않다. 내 마음이 즐거우면 그것으로 충분하다.,"['만족', '행복', '마음']"
뷜헤름 고텔,절도는 만족의 어머니이다.,['절도']
H. 데브류 톰프손,집이 화염에 싸여 있지 않는 한 서로 큰 소리로 이야기를 마라.,"['가정생활', '말(words)']"
보에티우스,인간은 신의 생활에 참여함으로써만 참되게 행복해진다.,"['인간', '신(god)', '행복']"
단테,양심이야말로 스스로 돌아보아 부끄럽지 않다는 자각을 갑옷 삼아 아무것도 두렵게 하지 않는 좋은 친구이다.,"['양심', '두려움']"
영국 속담,게으른 사람의 머리는 악마의 일터이다.,"['게으름', '악마(devil)']"
러시아 속담,남자가 술을 마시면 집이 절반 불탄다. 여자가 마시면 온 집이 불타 버린다.,"['남자', '여자', '술(alcohol)', '음주']"
러시아 속담,믿어라. 그러나 확인하라.,"['믿음', '검증']"
바루흐 스피노자,누구나 재물과 명예와 즐거움을 가장 얻고 싶어한다. 그러나 이 세 가지는 우리의 정신이 참된 것을 발견하지 못하도록 방해한다. 이것을 앞세우면 우리는 참된 정신 활동을 잃어버리고 만다.,"['정신', '재물', '명예', '즐거움', '인생살이']"
마르틴 루터,새가 머리 위를 지나는 것을 막을 도리가 없지만 머리에 집을 짓는 것은막을 수 있다. 마찬가지로 나쁜 생각이 머리를 스치는 것은 막지 못해도 머리 가운데 자리잡은 것은 막을 수 있다.,['생각']
채근담,사람의 고민은 밭에 난 잡초와 같아 뽑지 않으면 무성하여 곡식에 해를주지만 서둘러 뽑아 버리면 곡식은 잘 자란다. 우리에게 밭에 잡초가 나는 것을 막을 힘은 없지만 뽑아 버릴 힘은 있다.,['고민']
중국 속담,"빨리 하려고 하면, 일이 되지 않는다.","['서두름', '인생살이']"
중국 속담,노름판에 사흘 붙어 앉으면 신령(神靈)도 돈을 잃는다.,"['노름', '도박', '신(god)']"
토머스 제퍼슨,화가 나면 열까지 세어라. 더 화가 나면 백까지 세어라.,"['노여움', '화(Anger)', '분노']"
앙드레 폴 기욤 지드,"거짓말은 왜 하는가? 자기의 잘못을 숨겨 자신의 몸이나 명예 그리고 이익을 지키기 위해서다. 그러나 알고 보면 거짓말로는 이런 것들을 결코 지킬 수 없다. 도금이 벗겨지면, 언젠가는 때운 자리가 드러나는 법이다.","['거짓말', '잘못', '이익']"
볼테르,눈물은 슬픔의 말 없는 말이다.,"['눈물', '슬픔']"
몽테뉴,후회는 사람의 의지를 부정하는 데 지나지 않는다. 또한 후회란 사람의 이상에 대한 반항에 지나지 않는다. 그리고 후회란 사람을 여러 곳으로 끌고 다녀서 갈팡질팡하게 만든다. 그러므로 후회란 자신의 지난날의 덕행과 절제마저 부인하고 만다.,['후회']
키에르케고르,절망은 죽음에 이르는 병이다.,['절망']
소크라테스,지나친 욕망은 가끔 무서운 증오를 일으킨다.,"['욕망', '증오']"
채근담,"순풍에 돛을 단 것과 같은 행운은 즉, 잘 가꾸면 꽃이 피고 어느 정도 오래 갈 수 있다. 또 권력이나 모략으로 얻은 부귀나 명예라면 이것은 화병에 꽂아 놓은 꽃과 같다. 뿌리가 없으니 얼마 안가서 시들고 만다.","['행운', '부귀', '권력', '명예']"
셰익스피어,슬픔이란 누구든지 이겨 낼 수 있는 일이다. 그런데 이 슬픔을 이겨 내지 못하는 사람은 늘 슬픔뿐이다.,['슬픔']
영국 속담,너무 고르는 자가 가장 나쁜 것을 갖는다.,"['고르기', '선택', '인생살이']"
보브나르그,절망은 우리들의 전진을 가로막는다. 절망은 우리들의 희망을 좀먹는다. 절망은 우리들의 강한 의지를 꺾어 눕힌다. 절망은 우리들의 연약한 힘을 견디기 어렵게 만든다. 까닭에 절망은 인간에게 있어서 죽음보다도 더 무서운 현상인 것이다.,['절망']
몽테뉴,"만나고, 알고, 사랑하고, 그리고 헤어지는 것은 몇몇 인간의 슬픈 이야기이다.","['인생살이', '인간관계', '슬픔']"
노자,발돋움을 하고 서 있는 사람은 오래 서 있을 수가 없다. 자기의 실력을 생각지 않고 자랑하고 무리해서는 안된다. 공이 있다고 해서 그것을 자랑하지 말라! 그 때문에 도리어 그 빛이 엷어진다. 그리고 자기의 재능을 너무 믿지 말라! 왜냐하면 마음이 흩어지고 노력이 부족해서 실패하기 쉽기 때문이다.,"['인생살이', '실력', '재능']"
매라스다시오,"극도에 달하는 슬픔은 길게가지 않는다. 왜냐하면 어떤 사람은 그 슬픔을 이겨 내는가 하면, 또 어떤 사람은 그 슬픔에 젖어 버려 무감각 해지기 때문이다.",['슬픔']
라 로슈푸코,"인간이 울며 슬퍼하는 데에는 여러가지 위선이 깃들어 있다. 사람은 가장 친한 사람의 죽음을 슬퍼하는 척할 때 사실에 있어서는 자신의 슬퍼할 때가 있다. 즉 자신의 행복, 즐거움 그리고 그 친한 사람으로부터 사랑을 받았던 자기가 허무하게도 없어지는 것을 슬퍼하는 것이다.","['슬픔', '위선', '자기자신']"
레보크,"우리들이 제 스스로 노하거나 슬퍼하거나 하는 것은, 우리들을 노하게 만들고 슬프게 만드는 인간보다 그 이상으로 더 큰 해를 가져온다.","['슬픔', '노여움', '자기자신']"
톨스토이,"다른 사람에게 거짓말을 하는 것은 나쁜 일이다. 그러나 자기 자신에 대해서 거짓말을 하는 것은 더욱 나쁜 일이다. 왜냐하면 다른 사람에게 거짓말을 했을 경우에는 그 사람이 그 거짓말을 폭로해 주지만, 자기에 대한 거짓말은 그것을 폭로해 주는 사람이 없기 때문이다. 그러므로 자기 자신에 대해서 거짓말을 하지 않도록 노력해야 한다.","['거짓말', '자기자신']"
논어,"사람들은 당장 눈앞에 오는 일만 걱정할 뿐이고, 장차 닥칠 일을 미리 생각하여 막아 내는 데는 힘쓰지 아니하니 반드시 불시의 화가 미칠 것이다. 빨리 서둘러서 막아 내도록 해야 한다.","['사람', '걱정', '준비', '미래']"
괴테,슬픔은 가끔 행운에서 발생한다.,"['슬픔', '행운']"
르네 데카르트,마음의 괴로움은 육체의 고통보다 더 견디기 힘들다. 마음의 목마름은 물을 마셨다고 해서 해갈되지 않는다. 마음의 평온함을 얻은 사람은 자기 자신에게나 타인에게도 따뜻하고 평화롭다. 마음이 선량하면 모든 것이 좋아진다. 마음을 열고 향상시키기 위해서는 명상이 필요하다.,"['마음', '괴로움', '육체', '고통']"
구약 전도서,악한 일에 징벌이 속히 실행되지 않으므로 인생들이 악을 행하기에 마음이 담대하도다.,"['악(evil)', '징벌', '악행']"
셰익스피어,슬픔은 언제나 혼자서는 찾아오지 않는다. 뒤에서 떼를 지어 몰려오는 법이다.,['슬픔']
찰리 채플린,나는 비극을 사랑한다. 나는 비극의 밑바닥에는 무엇인가 아름다운 것이 깔려 있기 때문에 비극을 좋아한다.,['비극']
중국 격언,10년 선행(善行)을 해도 하루의 잘못으로 허사(虛事)가 된다.,"['선행', '잘못']"
B. 디즈레일리,절망이란 어리석은 자의 결론이다.,"['절망', '우자']"
독일 격언,설교를 하는 자는 남의 설교를 듣지 않는다.,['설교']
영국 명언,사람은 감정의 동물이기 때문에 누구나 의견이 엇갈리거나 기분이 상했을 때는 화를 내게 마련이다.,
화를 낼 줄 모른다는 것은 어리석은 사람이다. 그러나 화를 낼 일도 잘 참을 수 있는 사람은 현명하다.,,
화가 날 때는 마음을 차분히 가라앉히고 참아 넘기는 노력이 필요하다.,"['화(Anger)', '사람']",
서양 격언,만족은 천연의 부이다.,"['만족', '부(wealth)']"
소동파,사람의 욕망에는 한이 없다. 그러나 물건이 사람의 욕망을 채워 주는 데는 한도가 있다.,"['욕망', '사람']"
네덜란드 속담,탐욕은 그 입에 흙이 들어갈 때까지는 만족하지 않는다.,"['탐욕', '만족']"
톨스토이,한 사람이 불필요한 것을 많이 가지고 있으면 다른 많은 사람들이 필요한 물건에 불편을 느낀다.,"['불편', '재산', '소유']"
이퇴계,"영욕은 구름 같아 본래 없는 것이요, 부귀는 사람을 핍박하니 두렵지 않을소냐, 아침부터 지저귀는 수풀 속의 새들도 시승의 편을 들어 조롱하며 꾸짖는 것만 같더라.","['영욕', '부귀']"
헤르더,인간 중에서 가장 활동적인 사람은 언제나 욕망이 적은 사람이다.,"['욕망', '사람']"
괴테,사람의 욕망은 내버려 두면 한이 없다. 끝없는 욕망은 차라리 욕망이 없느니만 못하다. 자기 욕망에 한계를 갖는다는 것은 목표를 분명히 가진 것이 된다.,['욕망']
플라톤,욕망의 짐을 너무 짊어지고 있는 사람은 조그마한 기쁨을 사는 데도 괴로워하며 또한 손해를 본다.,['욕망']
구약 시편,의인의 작은 소유가 악인의 풍부함보다 승하도다.,"['악인', '의인', '소유', '재물', '악(evil)']"
구약 잠언,채소를 먹으며 서로 사랑하는 것이 살찐 소를 먹으며 서로 미워하는 것보다 나으리라.,"['사랑', '미움']"
앙드레 지드,욕망의 만족에도 이득이 있는 법이다. 왜냐하면 그럼으로 써 욕망은 증가하는 것이기 때문이다.,['욕망']
석가,대개 도를 닦는 사람은 마른 풀을 가진 것과 같아서 불이 오면 마땅히 피해야 하는 것이다.,
,도인은 욕심을 보거든 마땅히 멀리할 것이다.,"['욕심', '도인']"
앙드레 모루아,행동함이 없이 욕망만 가질 때에는 부패를 낳는다.,"['욕망', '부패']"
에픽테토스,당신이 지금까지 사소한 욕망을 추구하면서 쏟아 온 노력의 반이라도 좋으니까 그러한 욕망을 버리도록 힘써 보아라. 그렇게 함으로써 즉시로 훨씬 더 많은 평화와 행복을 얻을 수 있음을 알게 될 것이다.,['욕망']
B. 존슨,우리의 욕망은 항상 우리의 소유에 비례해서 증가한다.,"['욕망', '소유']"
노자,만족하지 못한다는 것 이상의 불행은 없다. 욕심과 같이 큰 죄악은 없다. 그러므로 모든 정욕에서 벗어난 사람은 항상 만족할 수 있다.,"['만족', '정욕']"
뤼케르트,그대가 가는 길의 끝에 이르면 만족이 있다. 그러나 처음에 만족한 자는 앞으로 나아가지를 못한다.,"['만족', '성장']"
성경,애통하는 자는 복이 있나니 그들은 위로를 받을 것이다.,"['애통', '슬픔']"
괴테,마음을 합하여 같이 행동할 수 있다고 믿었던 인간과 불화를 일으킨다는 것은 가슴 아픈 일이다.,"['불화', '인간관계']"
탈무드,자기 자신의 결점을 반성하고 지는 사람에게는 남의 결점을 보고 있을 틈이 없다.,"['결점', '자기자신']"
보브나르그,"절망은 단지 사람의 비참한 일을 가져올 뿐만 아니라, 사람의 약한 마음을 더욱 참지 못하게 만든다.","['절망', '마음']"
고리키,말로써 슬픔을 덜 수는 없다.,"['슬픔', '말(words)']"
실러,"슬픔을 입 밖에 내지 않고 있으면, 심장은 질식하게 되고 결국에는 터지게 될 것이다.",['슬픔']
회남자 재속훈,"해나 달이 밝게 비추고자 해도 뜬 구름이 가리고, 강물이 맑아지고자 해도 흙이나 모래가 더럽히듯, 사람도 본성대로 허무평평하고자 해도 욕심 때문에 방해를 받는다. 오직 성인만이 외부작용을 배제하고 자기 본성으로 돌아갈 수 있는 것이다.","['욕심', '자기본성']"
인도 격언,"벌레들은 불에 타 죽음도 모르고 불 속으로 날아든다. 물고기는 위험한 줄도 모르고 낚시 끝의 먹이를 문다. 그러나 우리들은 불행의 그물이 있음을 잘 알면서도, 관능적인 향락에서 떠나지를 못한다. 인간의 어리석음에는 한이 없는 것이다.","['향락', '인생살이', '어리석음']"
톨스토이,"분노는 타인에게 있어서도 해로운 것이지만, 분노에 잡혀 있는 자신에게는 더욱 해롭다.",['분노']
성서,욕심이 잉태한 즉 죄를 낳고 죄가 장성한 즉 사망을 낳으니라.,"['욕심', '죄(sin)']"
에픽테토스,이상적 만족의 생활은 금전의 많음에 있지 않고 욕심의 적음에 있다.,"['만족', '생활', '욕심']"
구약 잠언,"웃을 때도 마음에 슬픔이 있고, 즐거움의 끝에도 근심이 있느니라.","['웃음', '슬픔', '즐거움', '근심']"
나옹,"명예를 탐내고 이익을 욕심내어 허덕이던 자, 그 마음 채우지 못하고 헛되이 백발일세.","['명예', '이익', '인생살이']"
J. 파울,"벗이 네게 화를 내거든, 네게 대하여 대단한 친절을 베풀 기회를 만들어 주어라.
그러면 그들의 마음은 풀리지 않을 수 없을 것이며, 다시 너를 사랑하게 될 것이다.","['화(Anger)', '친구', '친절']"
마르쿠스 아우렐리우스,지독히 화가 날 때에는 인생이 얼마나 덧없는가를 생각해 보라.,"['화(Anger)', '분노', '인생']"
『이티붓타카』,"탐욕, 그것은 마음을 속박한다. 탐욕, 그것은 마음을 이리저리 휘몰아 사람들로 하여금 오래도록 미혹한 생을 떠돌게 한다. 나는 이보다 더한 속박을 이제껏 보지 못했다.","['탐욕', '속박']"
논어,"닭을 잡는 데 어째 소를 잡는 큰 칼을 쓸 필요가 있겠는가. 일의 대소, 나라의 대소에 따라서 처리하는 인재도 적당하고 부적당한 자가 있다.",['인재']
논어,덕(德)이 있는 자는 반드시 훌륭한 말을 한다. 그러나 입으로 훌륭한 말을 하는 자가 반드시 덕이 있는 자는 아니다.,"['덕(virtue)', '말(words)']"
논어,덕(德)이 있으면 사람은 결코 외롭지 않는 법이다. 반드시 공명하는 자가 나타나는 것이다. 만일 외롭더라도 그것은 일시적인 것이다.,['덕(virtue)']
논어,도(道)가 없는 나라에서 부하고 귀하게 되는 것은 사람으로서 수치스러운 일이다.,"['도(道)', '국가', '사람', '수치', '도(tao)']"
논어,도리에 맞는 말을 한다면 혹은 군자를 속일 수는 있을지 모른다. 그러나 도리에 벗어난 것으로 군자를 속일 수는 없을 것이다.,"['도리', '군자', '속임']"
논어,될 수 있는 대로 많은 가르침을 들어야 한다. 그러나 그것을 입에서 낼 때에는 참으로 납득한 것만으로 하고 조금이라도 의심스러운 것은 입 밖으로 내는 것을 삼가야 한다. 그렇게 함으로써 비난을 적게 받게 되는 것이다.,"['배움', '말하기', '말(words)']"
고문진보(古文眞寶),가을이 되어 바람이 불지 않아도 잎은 저절로 떨어지고 사람없는 빈 산에 꽃은 붉게 피어 있다.,"['인생살이', '가을']"
고문진보(古文眞寶),국화는 꽃 중에서도 세속을 떠나 숨어서 사는 은둔자와도 같다. 모란은 부자나 귀인과 같이 화려하고 아름답다. 연꽃은 학덕이 높은 군자와 같다.,"['국화', '모란', '연꽃']"
고문진보(古文眞寶),그림을 그리고 있으면 늙은 것을 잊게 된다. 부와 귀 같은 것은 내게 있어서는 뜬구름같은 것이다.,['그림']
고문진보(古文眞寶),"금년도 또 명년도 언제나 변함없는 웃음 즐겁고, 웃음 속에서 날을 보내고 봄바람 가을 달도 그저 등한히 보냈으나 그것도 잠깐 동안, 지금은 이렇게 변한 신세가 되었구나.",['인생살이']
고문진보(古文眞寶),첫가을의 신선한 바람이 들에도 언덕에도 불어오고 있다. 이제 등불 가까이 앉아 독서할 때로다.,"['독서', '가을']"
고문진보(古文眞寶),"하늘은 아버지, 땅은 어머니. 백성은 하늘과 땅이 낳은 형제간이고 천하 만물은 모두 우리들의 친구다.","['백성', '천하만물', '하늘', '땅']"
고문진보(古文眞寶),학문의 수양을 쌓아서 밖으로 나타내는 것은 될 수 있는 대로 적게 한다. 이렇게 하는 것이 학문을 하는 길이다.,['학문']
고문진보(古文眞寶),해가 져서 석양을 보내고 돋아오는 달을 맞이한다.,['인생살이']
고문진보(古文眞寶),나무를 심을 때에는 마치 자식을 기르듯이 조심조심해야 하지만 한 번 심어 두면 마치 버린 것처럼 그대로 두어야 한다. 이것이 나무를 키우는 비결이다.,['나무심기']
고문진보(古文眞寶),"둔한 자는 오래 살고, 뾰족하고 날카로운 자는 일찍 죽는다. 가령 붓은 날카롭고 뾰족하다. 따라서 빨리 못쓰게 된다. 벼루는 둔한 것이라 오래오래 쓸 수가 있다.","['인생살이', '죽음']"
고문진보(古文眞寶),말하지 말아라. 오늘 공부하지 않으면서 내일이 있다고.,"['공부', '오늘', '내일']"
고문진보(古文眞寶),세상 속인들은 내게 어째서 이런 벽산에 살고 있느냐고 묻는다. 나는 웃으면서 대답하지 않지만 마음은 편안하고 한가롭다.,"['인생살이', '마음']"
고문진보(古文眞寶),"술에 취해서 얻은 그 즐거움, 그 재미, 그 좋은 기분을 술 취하지 않고 깨어 있는 사람에게 말해도 소용없는 일이다. 아무리 말해도 그 묘미는 결코 알지 못할 것이기 때문이다.","['술(alcohol)', '음주']"
고문진보(古文眞寶),이 사람은 늪에 있는 용이 구름과 비를 얻으면 하늘에 오르는 것처럼 한 번 세력을 얻으면 결코 범인이 사는 거리에 묻혀 있을 자가 아니다.,"['사람', '세력']"
고문진보(古文眞寶),인생이란 아무리 오래 살아도 백 년이나 살 수는 없다. 이런 짧은 인생에 있어서 우리는 항상 천 년 뒤의 일까지 걱정을 잠시도 잊지 않고 살아가고 있다.,"['인생', '걱정']"
고문진보(古文眞寶),자식을 키우기만 하고 학문의 도를 가르치지 않는 것은 어버이의 잘못이 되고 제자를 훈도하면서 엄하지 못하는 것은 스승된 자의 게으른 정(情)이다.,"['부모', '자녀교육', '스승']"
고문진보(古文眞寶),"젊은 미인의 눈썹이 아무리 아름답다고 한들 그 얼마나 오래 갈 것인가, 잠깐 동안에 백발이 되어 흐뜨러진 실같은 머리털이 될 것을.","['미인', '눈썹', '여자', '나이']"
법구경,성냄보다 더한 독은 없다.,"['성냄', '화(Anger)']"
보에티우스,모든 역경중에서 가장 애처로운 불행은 지금까지 행복했었다는 것이다.,"['역경', '불행', '행복']"
바이런,슬픔은 어진 사람의 스승이다.,"['슬픔', '지식']"
몽테뉴,"노여움이 가라앉아 냉정을 되찾으면 모든 것이 달라 보인다.
갑자기 성이 났을 때에는 명령하는 것도 걱정으로 화하고, 말하는 것도 걱정이 돼 버리며, 내 자신을 찾을 수 없다.","['노여움', '화(Anger)', '분노']"
구약 욥기,분노가 미련한 자를 죽이고 시기가 어리석은 자를 멸하느니라.,"['분노', '시기']"
셰익스피어,후회하다! 그것이야말로 비겁하고 나약한 것이다.,"['후회', '비겁']"
메타스타시오,"극도의 슬픔은 오래 계속되지 않는다. 어떠한 사람이라도 슬픔에 지쳐 버리거나, 익숙해지고 말 것이다.",['슬픔']
러셀,"우리는 남이 우리의 의견이나 판단에 반대할 때에는 화를 낸다.
그러나 그 화내는 근원을 잘 살펴보면, 우리의 의견이나 판단이 정당하다는 완전한 확신은 없다.","['의견 반대', '화(Anger)']"
오스카 와일드,"슬픔은 인간이 가질 수 있는 정서 가운데 최고의 것이고, 동시에 모든 예술의 전형이요, 시금석임을 이제야 나는 알았다.","['슬픔', '예술']"
W.R. 앨저,사아디가 노래하듯이 가난한 자 열명은 돗자리 하나에서 평화롭게 잠들지만 아무리 넓은 제국도 두 군주에게는 너무나 좁다.,"['인생살이', '가난', '군주', '욕심']"
셰익스피어,최상의 환경에서도 만족이 없으면 번민에 가득찬 생활을 한다. 그러한 환경은 만족하고 있는 최하의 환경보다 더 나쁘다.,"['만족', '사람환경']"
쇼펜하우어,재물은 바닷물과 같은 것으로서 많이 마시면 마실수록 목이 마른다. 인생이란 불만과 권태 사이를 오가는 시계추이다.,"['재물', '부(wealth)', '인생']"
단테,극도의 슬픔은 우리들을 다시 하나님께 맺어 준다.,"['슬픔', '하나님', '신(god)']"
셰익스피어,남도 같은 슬픔으로 괴로워하고 있다고 생각하면 마음의 상처는 낫지 않더라도 기분은 편해진다.,"['슬픔', '마음', '동질감']"
모로아,미리 생각할 수도 없는 앞날의 비극을 상상해서 자기를 불행하게 만들지 말라.,"['비극', '상상', '불행']"
G. 네이던,생활에 있어서는 언제나 만족하라. 그러나 자기 자신에는 만족하지 말라.,"['만족', '생활', '자기자신']"
조지 헨리 루이스,슬픔의 유일한 치료제는 행동이다.,['슬픔']
도쿠가와 이에야스,노여움은 적이라고 생각하라.,"['노여움', '분노']"
이어령,이유 없는 슬픔이란 게 있다. 그것은 탄생 이전 먼 태초에 있었던 인간의 슬픔을 회억하는 것이다.,['슬픔']
세네카,분노할 때 자신을 억제하려면 다른 사람이 분노할 때 그것을 자세히 관찰해 보라.,"['분노', '화(anger)', '자기자신']"
김남조,강한 이의 슬픔은 아름답다.,"['슬픔', '강자']"
증자,나는 날마다 세 가지를 스스로 반성한다. 남을 위하여 일을 도모함에 성실을 다하였던가? 친구와 더불어 사귀되 신의가 있었던가? 몸에 익히지 못한 것을 남에게 가르쳤던가?,['반성']
윌리엄 펜,분노하여 가하는 일격은 종국에 우리 자신을 때린다.,"['분노', '화(Anger)', '자기자신']"
플루타크,분노를 억제하지 못하는 것은 수양이 부족한 표시이다.,"['화(Anger)', '분노', '수양']"
D. W. 제롤드,만족은 가난한 사람의 은행이다.,"['만족', '가난']"
파스칼,"시간은 슬픔과 싸움을 어루만져 준다. 그것은 우리가 변화하기 때문이다. 우리들은 이미 같은 사람들이 아니기 때문이다. 해한 사람이나, 해를 받는 사람이나, 이미 이전의 같은 사람들이 아닌 것이다.","['시간', '슬픔', '사람']"
앙드레 말로,"인간의 본질은 고뇌이며 자신의 숙명에 대한 의식이다. 그 결과 모든 공포, 죽음의 공포까지도 거기서 생긴다.","['인간', '고뇌']"
키케로,같은 돌에 두 번 넘어지면 세상의 웃음거리가 된다.,"['인생살이', '실수']"
공자,"자기 반성은 엄중히 하고, 다른 사람 책함을 경하게 하면 남의 원망이 멀어진다.","['자기반성', '원망']"
사르트르,인간의 생활은 절망의 저편에서 시작된다.,"['절망', '생활']"
트웨인,화가 나면 넷까지 셀 것. 미칠 듯이 화가 나면 이 말을 기억하라.,"['화(Anger)', '분노']"
세르반테스,"희생이 많이 들어갈수록 그 가치는 존중된다. 특히 학문에서 경지에 오르기 위해서는 수많은 밤샘과 굶주림, 누추함, 현기증, 그리고 소화불량을 겪어야 한다. 그러나 전쟁에서 훌륭한 군인이 되기 위해서는 더 많은 희생을 치뤄야 한다. 그는 한 발, 한 발 내디딜 때마다 생사의 갈림길에 내몰리기 때문이다.","['희생', '가치', '학문']"
세르반테스,빵이 있다면 어떠한 슬픔도 견디어 갈 수 있다. 조금이라도 슬픔으로 말미암아 맛이 싱거워진 일이 없을 만큼 순수한 행복이 찾아 온다는 것은 좀처럼 있는 일이 아니다.,"['빵', '슬픔', '행복']"
E. 스펜서,가장 고귀한 정신만이 최선의 만족을 안다.,"['정신', '만족']"
디즈레일리,인간은 환경의 산물이 아니다. 인간이 환경을 만든다.,"['인간', '환경', '사람환경']"
공자,"새는 궁(窮)하면 아무 것이나 쪼아먹게 되며, 짐승은 궁하면 사람을 해치게 되며, 사람이 궁하면 거짓말을 하게 된다.",['거짓말']
이솝,한 번 거짓말쟁이로 인식되면 아무리 진지한 표정으로 옳은 말을 한다해도 아무도 믿지 않는다.,['거짓말쟁이']
클라이스트,습관이 된 악덕은 근절할 수 없다.,"['악덕', '덕(virtue)']"
작자미상,걱정해도 소용없는 걱정으로부터 자기를 해방시켜라! 그것이 마음의 평화를 얻는 가장 가까운 길이다.,"['걱정', '평화']"
잭 템프시,과거는 잊어버리고 다른 일에 몰두하자. 이것이 고민의 해결이다.,['고민해결']
뉴욕 타임즈,슬픔이란 자기 연민의 표출입니다. 그러나 우리는 계속 싸워 나가야 합니다.,['슬픔']
실스,연인들의 분노는 사랑의 힘을 갱신한다.,"['연인', '분노', '사랑']"
이율곡,언제나 홀로 있을 때를 삼가라. 이 생각을 마음속에 새겨두고 그 생각을 게을리 하지 않으면 모든 그릇된 생각이 자연 일어나지 아니 할 것이다.,['인생살이']
플라톤,자기에게 이긴다는 것은 승리 중의 최고의 것이다.,"['승리', '자기자신', '자기극복']"
호메로스,"죄악에는 허다한 도구가 있지만, 그 모든 것에 공통적으로 적용하는 것은 거짓말이다.","['죄악', '죄(sin)', '악(evil)', '거짓말']"
프랭클린,사람의 성품 중에 가장 뿌리깊은 것은 교만이다. 나는 지금 누구에게나 겸손할 수 있다고 자랑하고 있는데 이것도 하나의 교만이다. 자기가 겸손을 의식하는 동안에는 아직 교만의 뿌리가 남아 있는 증거이다.,"['교만', '겸손']"
라 로슈푸코,사람들은 불행을 막는다고 해서 장차 있을지 모를 불행까지 미리 걱정한다. 그러나 정말 불행을 막는 사람은 장차 있을 불행보다도 눈앞에 닥친 불행부터 견디어 나가는 데 정신을 쏟는다.,['불행']
서양격언,화를 낼줄 모르는 것은 바보이고 화를 내지 않는 것은 현명한 사람이다.,"['화(Anger)', '사람']"
헤세,"신이 우리들을 죽이기 위하여 절망을 보내는 것은 아니다. 신이 그것을 우리에게 주시는 것은, 우리 안에 새로운 생명을 불러일으키기 위해서이다.","['절망', '신(god)']"
파스칼,"고민하면서 길을 찾는 사람들, 그들이 참된 인간상이다.","['고민', '인간']"
오스카 와일드,"슬픔이야말로 인생과 예술, 양자간에 있어서의 궁극적인 전형인 것이다.","['슬픔', '인생', '예술']"
J.H.D. 초케,어떠한 일의 슬픔이 크다기보다는 그 슬픔을 두려워하는 마음이 더 커서 슬픔이 확대되고 있다. 사실 그 슬픔을 따져 보면 능히 견딜 만한 것인데 그 사태에 대한 공연한 공포심으로 해서 슬픔이 현미경적으로 확대되고 있다. 하늘은 견딜 수 없는 슬픔을 인간에게 주지는 않았던 것이다.,"['슬픔', '인간', '신(god)']"
마르셀 프루스트,고뇌는 철저하게 경험하는 것에 의해서만 치유될 수 있다.,['고뇌']
니체,이것은 니체가 술을 마시고서 즐겨 암송한 구절이다. <짜라투스트라는 말했다>에 나오는 구절이다. 성난 사람만치 거짓말쟁이는 없다.,['거짓말쟁이']
몽테뉴,분노는 기묘한 용법을 가지고 있다. 다른 모든 무기는 사람이 그것을 이용하지만 이 무기만큼은 스스로 사람을 이용한다.,['분노']
니체,악이란 무엇이냐? 약함으로 인해서 생기는 일체의 것.,"['악(evil)', '약함']"
루소,과실은 부끄러운 일이다. 그러나 과실을 고치는 것은 부끄러운 일이 아니다.,"['과실', '실수', '부끄러움']"
톨스토이,사랑이란 자기희생이다. 이것은 우연에 의존하지 않는 유일한 행복이다.,"['사랑', '자기희생', '행복']"
탈무드,한 자루의 양초로 많은 양초에 불을 옮겨 붙이더라도 첫 양초의 빛은 흐려지지 않는다.,"['양초', '빛(light)']"
베토벤,증오는 그 마음을 품는 자에게 다시 돌아온다.,['증오']
존 란카스터 스팔딩,"걱정은 출처가 무엇이건 간에 우리를 약화시키는 것이요, 용기를 앗아가는 것이요, 그리고 인생을 단축시키는 것이다.",['걱정']
